guide	gene	SUM149PT_T0	SUM149PT_T7_UT	SUM149PT_T7_OLA	CAPAN1_T0	CAPAN1_T7_UT	CAPAN1_T7_OLA
ACAT1_e7_151.0	ACAT1	260	380	125	409	455	655
ACAT1_e7_151.4	ACAT1	44	59	37	25	104	235
ACAT1_e7_151.6	ACAT1	289	926	290	355	393	561
ACAT1_e8_96.0	ACAT1	454	881	429	485	562	1074
ACAT1_e8_96.1	ACAT1	536	615	322	601	476	1034
ACTR_e18_255.23	ACTR	87	69	58	105	171	0
ACTR_e18_255.26	ACTR	410	322	289	314	270	323
ACTR_e19_105.4	ACTR	136	105	62	121	107	326
ACTR_e20_258.1	ACTR	743	403	408	759	721	1076
ACTR_e20_258.22	ACTR	232	249	302	134	186	356
ASH1L_BD_e18_55.0	ASH1L	270	361	176	271	273	638
ASH1L_BD_e18_55.1	ASH1L	263	443	276	293	319	369
ASH1L_BD_e19_133.3	ASH1L	201	109	176	183	88	363
ASH1L_BD_e19_133.7	ASH1L	540	737	781	695	646	1191
ASH1L_BD_e20_79.1	ASH1L	315	218	223	522	286	384
ASH1L_BD_e20_79.2	ASH1L	128	96	0	103	199	438
ASH1L_e11_118.0	ASH1L	326	392	495	419	527	608
ASH1L_e11_118.11	ASH1L	229	151	181	469	274	705
ASH1L_e12_147.13	ASH1L	1106	1213	776	1048	1300	1643
ASH1L_e12_147.5	ASH1L	202	236	40	283	265	452
ASH1L_e13_109.0	ASH1L	98	4	0	125	69	67
ASH1L_e13_109.1	ASH1L	87	9	0	51	15	33
ATAD2_BD_e21_95.1	ATAD2	516	568	53	552	453	479
ATAD2_BD_e21_95.2	ATAD2	286	397	123	293	380	262
ATAD2_BD_e22_197.4	ATAD2	151	231	264	165	101	328
ATAD2_BD_e22_197.8	ATAD2	238	68	428	285	209	361
ATAD2_BD_e23_86.1	ATAD2	393	433	731	589	550	760
ATAD2_BD_e23_86.2	ATAD2	108	77	189	163	73	323
ATAD2B_BD_e21_95.5	ATAD2B	681	1109	517	657	835	682
ATAD2B_BD_e21_95.6	ATAD2B	336	208	398	342	192	720
ATAD2B_BD_e22_160.4	ATAD2B	503	834	353	613	455	1213
ATAD2B_BD_e22_160.8	ATAD2B	500	821	1041	624	416	900
ATAD2B_BD_e23_86.1	ATAD2B	316	449	416	316	475	894
ATAD2B_BD_e23_86.2	ATAD2B	429	977	199	538	303	961
ATAT1_e4_50.0	ATAT1	265	508	228	438	322	1140
ATAT1_e5_114.0	ATAT1	478	551	401	675	437	1541
ATAT1_e5_114.2	ATAT1	354	168	102	344	331	253
ATAT1_e5_114.5	ATAT1	341	356	248	298	366	597
ATAT1_e6_102.0	ATAT1	448	285	245	657	556	664
ATAT1_e6_102.1	ATAT1	565	335	316	555	399	579
ATAT1_e6_102.6	ATAT1	497	758	515	707	463	1037
ATF2_e11_150.10	ATF2	679	496	349	896	563	1370
ATF2_e11_150.4	ATF2	276	278	226	299	295	802
ATF2_e11_150.5	ATF2	227	292	510	334	242	306
ATF2_e11_150.7	ATF2	351	349	201	456	471	1054
ATF2_e11_150.9	ATF2	696	235	326	523	644	870
ATRX_D_e18_147.2	ATRX	181	219	218	263	258	287
ATRX_D_e19_178.0	ATRX	304	114	330	391	154	759
ATRX_D_e19_178.6	ATRX	185	282	113	239	275	415
ATRX_D_e20_138.2	ATRX	385	249	217	485	275	575
ATRX_H_e26_107.0	ATRX	361	161	224	513	229	548
ATRX_H_e27_109.0	ATRX	404	568	515	507	481	792
ATRX_H_e28_178.3	ATRX	292	278	740	276	257	540
BAZ1A_BD_e25_118.0	BAZ1A	496	1338	482	513	677	710
BAZ1A_BD_e25_118.1	BAZ1A	341	283	324	366	274	447
BAZ1A_BD_e25_118.4	BAZ1A	519	965	293	672	530	1211
BAZ1A_BD_e26_88.1	BAZ1A	285	243	328	344	422	1062
BAZ1A_BD_e26_88.4	BAZ1A	377	254	586	281	483	682
BAZ1A_BD_e27_135.3	BAZ1A	160	510	17	146	131	242
BAZ1A_BD_e27_135.4	BAZ1A	284	687	194	227	178	644
BAZ1A_BD_e27_135.5	BAZ1A	338	483	268	285	374	426
BAZ1B_BD_e18_67.0	BAZ1B	229	12	22	149	81	174
BAZ1B_BD_e18_67.4	BAZ1B	249	215	151	400	93	283
BAZ1B_BD_e18_67.5	BAZ1B	537	338	396	679	299	593
BAZ1B_BD_e19_237.1	BAZ1B	449	356	151	488	220	326
BAZ1B_BD_e19_237.13	BAZ1B	108	71	95	160	22	155
BAZ1B_BD_e19_237.6	BAZ1B	27	21	47	56	56	11
BAZ2A_BD_e28_144.16	BAZ2A	223	91	74	290	146	322
BAZ2A_BD_e28_144.17	BAZ2A	590	701	501	652	926	1890
BAZ2A_BD_e28_144.19	BAZ2A	58	317	53	23	32	85
BAZ2A_BD_e29_135.7	BAZ2A	298	230	158	304	347	432
BAZ2A_BD_e29_135.8	BAZ2A	463	489	600	498	542	657
BAZ2A_BD_e29_135.9	BAZ2A	311	307	551	328	381	532
BAZ2B_BD_e36_144.1	BAZ2B	285	630	613	289	645	372
BAZ2B_BD_e36_144.2	BAZ2B	277	160	412	226	204	497
BAZ2B_BD_e36_144.8	BAZ2B	206	199	418	284	503	830
BAZ2B_BD_e37_139.0	BAZ2B	201	371	397	317	360	517
BAZ2B_BD_e37_139.2	BAZ2B	27	10	0	98	139	35
BAZ2B_BD_e37_139.3	BAZ2B	319	99	1007	392	320	465
BPTF_BD_e23_85.10	BPTF	1400	817	403	1146	258	518
BPTF_BD_e23_85.11	BPTF	664	262	54	502	73	107
BPTF_BD_e24_187.1	BPTF	541	502	281	558	354	605
BPTF_BD_e24_187.3	BPTF	609	697	500	743	105	479
BPTF_BD_e24_187.7	BPTF	300	630	62	250	46	232
BRD1_BD_e5_95.10	BRD1	259	79	66	278	441	530
BRD1_BD_e5_95.7	BRD1	271	580	235	480	246	641
BRD1_BD_e5_95.9	BRD1	587	352	189	622	919	1431
BRD1_BD_e6_237.10	BRD1	82	17	20	86	32	340
BRD1_BD_e6_237.11	BRD1	66	18	0	51	21	990
BRD1_BD_e6_237.9	BRD1	314	219	342	265	162	1168
BRD2_BD1_e2_109.12	BRD2	301	41	0	430	189	331
BRD2_BD1_e2_109.3	BRD2	699	3	21	585	556	703
BRD2_BD1_e2_109.4	BRD2	263	83	37	433	305	147
BRD2_BD1_e3_138.2	BRD2	315	187	13	451	253	805
BRD2_BD1_e3_138.3	BRD2	634	49	48	819	345	633
BRD2_BD1_e3_138.8	BRD2	561	223	78	652	258	417
BRD2_BD1_e4_60.1	BRD2	374	100	0	324	115	153
BRD2_BD1_e4_60.3	BRD2	143	0	32	137	99	88
BRD2_BD2_e6_145.6	BRD2	483	21	34	521	215	391
BRD2_BD2_e6_145.7	BRD2	259	99	4	341	219	298
BRD2_BD2_e7_129.0	BRD2	173	0	35	300	142	193
BRD2_BD2_e7_129.6	BRD2	206	27	81	295	309	780
BRD2_BD2_e7_129.7	BRD2	266	38	104	379	391	260
BRD3_BD1_e2_112.5	BRD3	799	1412	664	919	1001	1980
BRD3_BD1_e2_112.6	BRD3	528	950	141	451	427	1010
BRD3_BD1_e2_112.7	BRD3	240	469	89	420	201	1174
BRD3_BD1_e3_138.5	BRD3	243	68	149	363	291	639
BRD3_BD1_e3_138.7	BRD3	1059	909	805	1316	1842	3746
BRD3_BD1_e3_138.8	BRD3	1180	1794	855	1212	1924	1998
BRD3_BD1_e4_66.0	BRD3	351	92	333	315	572	892
BRD3_BD1_e4_66.4	BRD3	427	543	801	516	580	1002
BRD3_BD1_e4_66.5	BRD3	169	684	135	266	181	244
BRD3_BD2_e6_145.5	BRD3	948	738	234	740	1056	1904
BRD3_BD2_e7_129.0	BRD3	364	925	417	602	518	709
BRD3_BD2_e7_129.3	BRD3	441	595	838	674	581	2137
BRD3_BD2_e7_129.8	BRD3	245	255	351	296	315	639
BRD4_BD1_e2_121.1	BRD4	361	0	0	418	70	41
BRD4_BD1_e2_121.4	BRD4	614	24	13	708	129	187
BRD4_BD1_e2_121.9	BRD4	283	0	21	324	80	604
BRD4_BD1_e3_138.0	BRD4	442	0	0	361	59	40
BRD4_BD1_e3_138.2	BRD4	221	0	0	327	42	72
BRD4_BD1_e3_138.3	BRD4	59	0	0	116	50	9
BRD4_BD1_e4_68.0	BRD4	179	10	0	164	0	4
BRD4_BD1_e4_68.1	BRD4	37	0	0	17	1	0
BRD4_BD1_e4_68.2	BRD4	198	0	0	312	18	43
BRD4_BD2_e6_148.11	BRD4	251	42	22	360	157	117
BRD4_BD2_e7_130.0	BRD4	129	29	34	109	13	35
BRD4_BD2_e7_130.13	BRD4	455	13	24	416	359	650
BRD4_BD2_e7_130.14	BRD4	307	13	15	461	101	320
BRD8_BD_e17_77.2	BRD8	294	66	93	253	72	115
BRD8_BD_e18_69.0	BRD8	183	20	0	146	49	169
BRD8_BD_e18_69.2	BRD8	483	14	162	574	230	373
BRD8_BD_e18_69.3	BRD8	264	0	38	417	169	395
BRD8_BD_e19_178.3	BRD8	191	45	48	287	116	167
BRD8_BD_e19_178.4	BRD8	722	60	174	626	477	380
BRD9_BD_e5_145.1	BRD9	158	123	36	171	188	306
BRD9_BD_e5_145.7	BRD9	626	159	118	624	180	567
BRD9_BD_e5_145.9	BRD9	280	86	126	315	89	99
BRD9_BD_e6_111.2	BRD9	146	202	130	193	70	105
BRD9_BD_e6_111.4	BRD9	372	855	264	420	312	579
BRD9_BD_e6_111.5	BRD9	167	30	82	188	237	577
BRDT_BD1_e2_121.3	BRDT	586	1079	399	744	520	1233
BRDT_BD1_e2_121.5	BRDT	361	365	505	439	394	524
BRDT_BD1_e2_121.6	BRDT	568	1524	229	423	359	733
BRDT_BD1_e3_138.1	BRDT	66	7	185	64	136	96
BRDT_BD1_e3_138.2	BRDT	238	634	298	169	130	120
BRDT_BD1_e4_68.0	BRDT	365	165	153	487	264	572
BRDT_BD1_e4_68.1	BRDT	501	688	499	599	373	1293
BRDT_BD2_e6_150.1	BRDT	145	186	37	119	198	290
BRDT_BD2_e6_150.6	BRDT	303	344	561	312	247	478
BRDT_BD2_e6_150.7	BRDT	122	496	443	274	134	198
BRDT_BD2_e7_129.2	BRDT	347	304	404	274	240	386
BRDT_BD2_e7_129.3	BRDT	195	100	125	415	364	678
BRDT_BD2_e7_129.4	BRDT	400	79	219	412	389	976
BRPF1_BD_e6_118.11	BRPF1	407	210	14	502	253	494
BRPF1_BD_e6_118.12	BRPF1	590	236	130	641	363	900
BRPF1_BD_e6_118.5	BRPF1	582	346	661	580	344	392
BRPF1_BD_e7_237.10	BRPF1	346	203	70	427	373	428
BRPF1_BD_e7_237.5	BRPF1	244	276	159	403	354	263
BRPF1_BD_e7_237.9	BRPF1	193	174	48	246	62	343
BRPF3_BD_e5_95.0	BRPF3	321	299	334	575	385	466
BRPF3_BD_e5_95.3	BRPF3	113	425	123	251	231	277
BRPF3_BD_e6_190.23	BRPF3	241	424	239	305	259	768
BRPF3_BD_e6_190.25	BRPF3	125	118	0	148	74	397
BRPF3_BD_e6_190.4	BRPF3	554	538	803	628	281	844
BRWD1_BD1_e30_74.0	BRWD1	455	644	600	566	271	768
BRWD1_BD1_e31_121.0	BRWD1	561	413	428	574	670	1047
BRWD1_BD1_e31_121.1	BRWD1	116	229	61	104	78	202
BRWD1_BD1_e31_121.3	BRWD1	187	218	259	292	222	387
BRWD1_BD1_e32_126.0	BRWD1	506	1034	531	540	476	845
BRWD1_BD1_e32_126.1	BRWD1	330	280	33	369	176	622
BRWD1_BD1_e32_126.2	BRWD1	249	424	284	290	228	374
BRWD1_BD2_e35_98.1	BRWD1	325	320	205	468	294	939
BRWD1_BD2_e35_98.2	BRWD1	728	794	674	1000	885	1602
BRWD1_BD2_e35_98.3	BRWD1	326	391	348	522	778	1115
BRWD1_BD2_e36_153.0	BRWD1	480	1186	842	766	308	1467
BRWD1_BD2_e36_153.1	BRWD1	422	1199	398	723	697	932
BRWD1_BD2_e36_153.5	BRWD1	296	191	104	426	422	658
BRWD3_BD_e30_95.10	BRWD3	440	842	101	532	617	1138
BRWD3_BD_e30_95.8	BRWD3	121	197	88	199	136	501
BRWD3_BD_e30_95.9	BRWD3	450	230	81	633	551	978
BRWD3_BD_e31_121.1	BRWD3	802	698	393	759	1043	1164
BRWD3_BD_e31_121.3	BRWD3	687	1865	761	888	688	1914
BRWD3_BD_e31_121.4	BRWD3	423	607	457	607	768	1030
BRWD3_BD_e32_126.2	BRWD3	160	143	23	109	142	446
BRWD3_BD_e32_126.3	BRWD3	586	596	895	611	551	976
BRWD3_BD_e32_126.5	BRWD3	297	472	309	276	321	1171
BRWD3_BD2_e35_105.1	BRWD3	259	263	118	340	558	428
BRWD3_BD2_e35_105.4	BRWD3	190	794	732	337	283	730
BRWD3_BD2_e35_105.5	BRWD3	680	885	854	900	758	1554
BRWD3_BD2_e36_75.0	BRWD3	154	413	189	263	349	889
BRWD3_BD2_e37_153.0	BRWD3	464	1033	560	635	681	1137
BRWD3_BD2_e37_153.10	BRWD3	710	852	1091	639	852	1323
BRWD3_BD2_e37_153.4	BRWD3	164	171	342	286	153	881
BRWD3_BD2_e38_95.0	BRWD3	818	637	981	1012	944	1622
CARM1_e5_111.13	CARM1	70	115	64	75	45	204
CARM1_e5_111.6	CARM1	188	230	254	574	66	530
CARM1_e5_111.7	CARM1	162	100	316	292	53	165
CARM1_e6_178.1	CARM1	468	288	335	342	155	223
CARM1_e6_178.13	CARM1	57	141	178	58	32	10
CARM1_e6_178.25	CARM1	49	33	196	59	30	16
CDK1_e3.1	CDK1	501	0	0	616	226	496
CDK1_e4.1	CDK1	207	0	4	432	111	499
CDK1_e5.1	CDK1	88	0	0	210	14	15
CDK1_e6.1	CDK1	305	0	0	603	167	165
CDK1_e7.1	CDK1	134	21	0	347	32	91
CDK9_e2.1	CDK9	116	0	0	172	12	121
CDK9_e3.1	CDK9	530	2	0	436	227	409
CDK9_e4.1	CDK9	652	166	96	507	426	1031
CDK9_e4.2	CDK9	276	0	0	235	41	0
CDK9_e5.1	CDK9	224	4	20	280	76	59
CDK9_e5.2	CDK9	381	21	36	499	114	194
CECR2_BD_e12_92.0	CECR2	248	604	291	481	152	557
CECR2_BD_e12_92.1	CECR2	276	542	259	273	229	473
CECR2_BD_e12_92.7	CECR2	555	715	169	602	608	1415
CECR2_BD_e13_127.3	CECR2	656	544	913	549	558	937
CECR2_BD_e13_127.7	CECR2	424	243	384	434	431	544
CECR2_BD_e13_127.9	CECR2	867	671	612	814	805	1422
CECR2_BD_e14_59.0	CECR2	450	503	288	669	447	1250
CECR2_BD_e14_59.2	CECR2	13	34	0	54	39	41
CECR2_BD_e14_59.3	CECR2	331	153	291	409	493	1059
CHD1_D_e11_210.0	CHD1	363	154	238	244	282	453
CHD1_D_e12_90.0	CHD1	676	1094	1019	672	919	1429
CHD1_D_e13_135.3	CHD1	265	227	458	406	309	646
CHD1_H_e17_72.2	CHD1	578	1189	622	621	676	1498
CHD1_H_e18_150.7	CHD1	314	340	498	508	381	753
CHD1_H_e18_150.8	CHD1	275	509	359	513	370	689
CHD1L_D_e4_115.1	CHD1L	296	130	0	177	155	540
CHD1L_D_e4_115.7	CHD1L	467	70	23	537	255	43
CHD1L_D_e6_82.1	CHD1L	354	170	0	435	147	156
CHD1L_H_e10_50.2	CHD1L	137	37	0	147	61	135
CHD1L_H_e11_74.2	CHD1L	106	67	55	153	156	175
CHD1L_H_e12_111.0	CHD1L	165	92	44	105	172	136
CHD1L_H_e13_115.2	CHD1L	569	108	2	733	232	34
CHD2_D_e14_210.7	CHD2	433	114	98	402	42	138
CHD2_D_e15_90.0	CHD2	309	169	99	500	377	1108
CHD2_D_e16_135.13	CHD2	213	54	25	273	61	90
CHD2_H_e19_153.1	CHD2	334	95	34	517	155	432
CHD2_H_e20_72.0	CHD2	303	49	5	266	51	91
CHD2_H_e21_150.10	CHD2	399	72	87	413	136	119
CHD3_D_e14_79.5	CHD3	500	457	173	624	404	829
CHD3_D_e15_201.10	CHD3	335	152	181	269	245	648
CHD3_D_e16_138.12	CHD3	132	45	25	243	53	252
CHD3_D_e17_63.0	CHD3	521	534	338	688	721	975
CHD3_H_e20_86.3	CHD3	165	209	175	285	217	392
CHD3_H_e21_118.4	CHD3	304	759	337	270	491	519
CHD3_H_e22_125.0	CHD3	115	0	95	217	174	393
CHD3_H_e23_50.0	CHD3	291	629	133	400	236	694
CHD4_D_e16_201.15	CHD4	145	0	0	197	9	12
CHD4_D_e17_138.8	CHD4	238	16	0	406	197	276
CHD4_D_e18_55.3	CHD4	601	70	0	631	90	97
CHD4_H_e22_118.4	CHD4	215	34	0	327	108	154
CHD4_H_e23_125.1	CHD4	58	0	0	51	76	46
CHD4_H_e24_50.1	CHD4	43	0	0	64	0	142
CHD5_D_e15_201.32	CHD5	274	258	660	280	327	446
CHD5_D_e16_138.10	CHD5	5	0	6	0	2	16
CHD5_D_e17_59.0	CHD5	553	546	349	653	779	777
CHD5_H_e20_95.3	CHD5	244	120	301	236	253	526
CHD5_H_e21_118.17	CHD5	325	543	96	494	315	492
CHD5_H_e22_125.10	CHD5	397	946	474	439	930	878
CHD5_H_e23_50.4	CHD5	582	328	281	608	690	834
CHD6_D_e12_244.11	CHD6	440	317	139	389	350	431
CHD6_D_e13_177.11	CHD6	502	318	269	314	501	720
CHD6_H_e16_105.4	CHD6	266	264	559	207	240	388
CHD6_H_e17_196.20	CHD6	279	327	0	261	336	539
CHD6_H_e18_47.3	CHD6	576	546	593	640	765	1113
CHD7_D_e16_118.9	CHD7	462	812	523	446	575	570
CHD7_D_e17_196.1	CHD7	507	775	457	696	624	886
CHD7_H_e12_244.14	CHD7	254	581	476	347	228	485
CHD7_H_e13_177.11	CHD7	28	26	45	28	47	20
CHD8_D_e12_244.18	CHD8	773	145	688	931	209	331
CHD8_D_e13_177.7	CHD8	114	56	63	138	157	316
CHD8_H_e16_135.0	CHD8	351	21	105	409	35	40
CHD8_H_e17_196.3	CHD8	336	21	143	471	36	347
CHD8_H_e18_52.3	CHD8	300	261	192	408	422	373
CHD9_D_e12_244.8	CHD9	602	997	768	625	1029	853
CHD9_D_e13_177.3	CHD9	571	941	487	527	855	1141
CHD9_H_e16_135.3	CHD9	345	422	612	384	407	686
CHD9_H_e17_196.11	CHD9	109	255	210	241	118	392
CHD9_H_e18_50.2	CHD9	192	283	81	260	159	394
CLOCK_e21_210.10	CLOCK	257	316	185	309	393	780
CLOCK_e21_210.12	CLOCK	293	326	89	229	179	497
CLOCK_e21_210.3	CLOCK	286	292	602	240	269	510
CLOCK_e22_203.13	CLOCK	264	186	65	325	456	510
CLOCK_e22_203.2	CLOCK	516	1017	548	710	551	1333
CLOCK_e22_203.5	CLOCK	407	376	502	585	826	1347
CLOCK_e23_256.10	CLOCK	236	161	74	184	117	554
CLOCK_e23_256.17	CLOCK	14	118	3	9	2	0
CLOCK_e23_256.6	CLOCK	309	373	423	408	539	740
CREBBP_BD_e17_107.0	CREBBP	200	81	120	256	101	327
CREBBP_BD_e17_107.5	CREBBP	333	7	21	468	318	479
CREBBP_BD_e17_107.6	CREBBP	308	264	148	497	432	639
CREBBP_BD_e18_210.14	CREBBP	921	623	297	995	400	1405
CREBBP_BD_e18_210.15	CREBBP	463	350	179	459	207	631
CREBBP_BD_e18_210.7	CREBBP	207	155	19	341	168	297
CREBBP_e25_147.2	CREBBP	334	129	446	412	406	351
CREBBP_e25_147.7	CREBBP	234	234	189	242	209	604
CREBBP_e25_147.8	CREBBP	392	358	254	506	156	647
CREBBP_e26_114.7	CREBBP	385	276	191	480	260	557
CREBBP_e26_114.8	CREBBP	305	174	255	170	211	147
CREBBP_e26_114.9	CREBBP	252	298	157	356	82	675
CREBBP_e27_166.2	CREBBP	247	157	160	518	110	881
CREBBP_e27_166.7	CREBBP	765	430	270	828	334	1093
CREBBP_e27_166.8	CREBBP	209	671	937	209	251	613
CREBBP_e28_168.12	CREBBP	510	306	175	649	373	641
CREBBP_e28_168.2	CREBBP	408	347	324	476	417	931
CREBBP_e28_168.9	CREBBP	293	156	24	297	220	379
CREBBP_e29_162.10	CREBBP	182	75	41	93	142	433
CREBBP_e29_162.7	CREBBP	303	599	150	611	294	451
CREBBP_e29_162.8	CREBBP	202	445	70	375	144	236
DOT1L_e6_95.2	DOT1L	185	192	1130	173	118	532
DOT1L_e6_95.3	DOT1L	548	2425	1241	941	571	1411
DOT1L_e6_95.7	DOT1L	439	572	691	553	520	827
DOT1L_e7_63.0	DOT1L	326	445	269	303	555	500
DOT1L_e7_63.3	DOT1L	852	1132	605	1290	1171	1730
DOT1L_e7_63.4	DOT1L	144	185	15	183	211	452
DOT1L_e8_56.0	DOT1L	267	628	117	331	278	202
DOT1L_e8_56.1	DOT1L	268	507	479	520	339	666
DOT1L_e8_56.3	DOT1L	668	671	577	721	804	1541
DOT1L_e9_80.5	DOT1L	442	563	602	450	241	599
DOT1L_e9_80.7	DOT1L	425	679	479	436	413	750
DOT1L_e9_80.8	DOT1L	652	451	761	592	764	1164
EHMT1_e24_87.1	EHMT1	161	30	34	219	59	227
EHMT1_e24_87.2	EHMT1	615	139	60	565	162	552
EHMT1_e24_87.3	EHMT1	188	55	0	209	64	196
EHMT1_e25_79.0	EHMT1	552	93	215	454	294	536
EHMT1_e25_79.1	EHMT1	142	112	87	195	55	37
EHMT1_e26_176.0	EHMT1	187	92	57	277	157	310
EHMT1_e26_176.1	EHMT1	302	34	26	266	164	310
EHMT1_e26_176.2	EHMT1	188	43	54	243	85	48
EHMT2_e23_87.1	EHMT2	344	110	64	504	352	725
EHMT2_e23_87.10	EHMT2	826	83	88	954	262	783
EHMT2_e23_87.11	EHMT2	435	96	12	597	285	529
EHMT2_e24_79.0	EHMT2	184	12	0	236	98	82
EHMT2_e25_176.13	EHMT2	192	28	38	321	73	338
EHMT2_e25_176.4	EHMT2	321	156	65	490	296	677
EHMT2_e25_176.5	EHMT2	321	66	57	421	227	515
ELP3_e13_81.0	ELP3	821	38	53	1131	159	523
ELP3_e13_81.1	ELP3	359	0	0	643	84	208
ELP3_e13_81.8	ELP3	384	0	6	423	48	165
ELP3_e14_82.0	ELP3	417	0	74	824	131	481
ELP3_e14_82.4	ELP3	177	0	0	142	35	85
ELP3_e15_58.1	ELP3	525	16	0	601	153	602
ELP3_e15_58.2	ELP3	308	7	0	482	320	513
EP300_BD_e17_111.2	EP300	383	124	40	492	141	482
EP300_BD_e17_111.6	EP300	142	41	22	151	89	150
EP300_BD_e17_111.7	EP300	430	141	16	434	124	129
EP300_BD_e18_196.14	EP300	160	449	286	278	120	783
EP300_BD_e18_196.15	EP300	552	1449	369	565	176	596
EP300_BD_e18_196.5	EP300	335	469	346	325	133	704
EP300_e25_147.10	EP300	107	67	16	122	57	27
EP300_e25_147.11	EP300	270	81	12	274	120	421
EP300_e25_147.3	EP300	380	136	15	489	119	300
EP300_e26_114.0	EP300	432	218	165	466	241	333
EP300_e26_114.5	EP300	743	441	217	748	178	428
EP300_e26_114.6	EP300	364	250	110	432	144	240
EP300_e27_166.3	EP300	160	29	0	200	98	134
EP300_e27_166.6	EP300	469	169	224	577	392	296
EP300_e27_166.7	EP300	311	99	159	368	174	145
EP300_e28_165.12	EP300	976	258	753	919	263	809
EP300_e28_165.2	EP300	308	412	82	549	113	457
EP300_e28_165.4	EP300	488	378	247	547	271	555
EP300_e29_162.10	EP300	376	553	267	538	261	701
EP300_e29_162.8	EP300	496	354	395	585	339	580
EP300_e29_162.9	EP300	670	331	67	551	203	599
EP400_D_e14_86.4	EP400	341	29	0	387	53	66
EP400_D_e15_137.3	EP400	215	1	0	278	6	217
EP400_D_e16_170.3	EP400	241	21	25	203	122	627
EP400_H_e28_170.6	EP400	262	0	0	424	159	132
EP400_H_e29_190.15	EP400	72	0	35	76	21	31
ERCC6_D_e7_105.7	ERCC6	470	82	405	423	265	373
ERCC6_D_e8_136.9	ERCC6	455	515	604	584	401	401
ERCC6_D_e9_171.1	ERCC6	413	154	220	490	702	867
ERCC6_H_e13_105.0	ERCC6	367	391	217	442	141	469
ERCC6_H_e14_111.2	ERCC6	841	664	222	911	435	1123
ERCC6_H_e15_120.3	ERCC6	293	242	85	327	485	599
ERCC6_H_e16_52.2	ERCC6	206	109	19	205	335	294
EZH1_e17_96.2	EZH1	29	4	0	53	30	20
EZH1_e17_96.3	EZH1	104	172	89	178	100	185
EZH1_e17_96.5	EZH1	811	909	1070	772	410	734
EZH1_e18_82.0	EZH1	512	670	644	614	423	811
EZH1_e18_82.1	EZH1	527	687	256	617	332	1394
EZH1_e19_81.0	EZH1	316	424	281	344	180	694
EZH1_e19_81.1	EZH1	140	218	72	154	98	40
EZH1_e20_85.1	EZH1	813	806	778	899	799	1246
EZH1_e20_85.2	EZH1	477	250	465	500	550	605
EZH1_e20_85.7	EZH1	639	952	366	812	403	917
EZH2_e16_96.1	EZH2	252	40	101	274	119	276
EZH2_e16_96.2	EZH2	248	37	219	412	275	296
EZH2_e16_96.8	EZH2	388	75	34	494	282	453
EZH2_e19_85.3	EZH2	146	143	129	171	175	386
EZH2_SET_e17_82.0	EZH2	0	0	0	0	0	0
EZH2_SET_e18_81.0	EZH2	0	0	0	0	0	0
EZH2_SET_e18_81.1	EZH2	0	0	0	0	0	0
GCN5_e11_127.10	GCN5	285	81	52	316	269	294
GCN5_e11_127.16	GCN5	505	150	327	581	52	194
GCN5_e11_127.5	GCN5	392	116	86	669	105	355
GCN5_e12_59.0	GCN5	894	248	302	721	458	591
GCN5_e12_59.1	GCN5	544	165	291	301	153	467
GCN5_e12_59.4	GCN5	388	263	48	593	506	178
GTF3C4_e3_131.0	GTF3C4	444	69	48	552	14	190
GTF3C4_e3_131.3	GTF3C4	522	0	0	431	399	227
GTF3C4_e3_131.4	GTF3C4	54	0	0	34	38	14
GTF3C4_e4_89.2	GTF3C4	366	13	22	376	126	97
GTF3C4_e4_89.5	GTF3C4	268	42	0	370	249	357
GTF3C4_e4_89.6	GTF3C4	252	0	0	207	154	142
HAT1_e3_76.0	HAT1	430	652	889	589	332	767
HAT1_e3_76.1	HAT1	179	287	515	281	160	462
HAT1_e3_76.3	HAT1	199	212	216	299	99	489
HAT1_e4_121.2	HAT1	282	410	145	473	231	1053
HAT1_e4_121.4	HAT1	243	103	186	267	359	656
HAT1_e4_121.5	HAT1	254	204	97	410	504	1249
HAT1_e5_180.0	HAT1	513	542	897	776	598	1852
HAT1_e5_180.4	HAT1	654	554	849	640	368	1112
HAT1_e5_180.9	HAT1	271	233	240	235	138	611
HAT1_e6_73.0	HAT1	484	382	534	461	707	910
HAT1_e6_73.1	HAT1	610	1053	1372	953	890	1087
HBO1_e13_147.4	HBO1	218	91	298	232	233	573
HBO1_e14_107.2	HBO1	370	271	75	330	283	303
HBO1_e14_107.4	HBO1	281	725	112	322	197	991
HBO1_e9_192.3	HBO1	440	258	316	397	184	450
HBO1_e9_192.8	HBO1	124	135	261	203	144	147
HDAC1_e2_113.6	HDAC1	525	778	771	687	628	1120
HDAC1_e3_118.4	HDAC1	124	139	130	181	321	363
HDAC1_e4_75.0	HDAC1	384	112	59	342	270	614
HDAC1_e5_139.9	HDAC1	387	263	338	289	199	225
HDAC1_e6_142.2	HDAC1	348	302	123	252	302	162
HDAC1_e7_93.0	HDAC1	270	233	334	408	383	434
HDAC1_e8_109.7	HDAC1	35	57	138	80	138	0
HDAC1_e9_140.6	HDAC1	182	113	59	346	148	426
HDAC10_e10_90.12	HDAC10	225	179	690	253	481	332
HDAC10_e11_107.3	HDAC10	35	352	77	105	63	141
HDAC10_e5_105.11	HDAC10	490	227	313	723	616	848
HDAC10_e6_69.8	HDAC10	562	676	798	747	483	1074
HDAC10_e7_127.17	HDAC10	35	41	177	53	54	62
HDAC10_e8_66.0	HDAC10	512	518	250	449	593	477
HDAC10_e9_60.4	HDAC10	196	322	143	425	171	705
HDAC11_e3_101.12	HDAC11	261	198	172	390	211	325
HDAC11_e4_117.8	HDAC11	240	220	394	247	139	2146
HDAC11_e5_43.3	HDAC11	368	727	436	372	353	972
HDAC11_e6_77.6	HDAC11	729	633	1066	907	935	1027
HDAC11_e7_63.4	HDAC11	261	409	653	483	323	660
HDAC11_e8_97.1	HDAC11	237	221	158	251	254	372
HDAC11_e9_118.3	HDAC11	222	355	163	335	689	1377
HDAC2_e5_139.3	HDAC2	289	1118	841	322	506	535
HDAC2_e6_140.2	HDAC2	762	679	316	639	760	1814
HDAC2_e7_93.1	HDAC2	403	609	361	387	417	749
HDAC2_e8_109.3	HDAC2	326	368	266	450	371	672
HDAC2_e9_140.4	HDAC2	151	166	183	200	296	334
HDAC3_e10_65.1	HDAC3	545	30	99	692	92	170
HDAC3_e11_90.1	HDAC3	168	10	0	292	19	34
HDAC3_e6_56.1	HDAC3	342	16	0	392	128	74
HDAC3_e7_134.16	HDAC3	402	0	22	405	94	103
HDAC3_e8_81.4	HDAC3	454	6	0	472	65	294
HDAC3_e9_74.6	HDAC3	295	8	0	307	99	93
HDAC4_e19_56.3	HDAC4	429	367	476	482	262	595
HDAC4_e20_88.1	HDAC4	145	408	235	395	364	778
HDAC4_e21_120.2	HDAC4	442	566	1257	571	464	1439
HDAC4_e22_98.4	HDAC4	118	356	14	146	49	125
HDAC4_e23_119.4	HDAC4	200	407	174	262	102	376
HDAC5_e20_56.2	HDAC5	349	544	172	435	299	476
HDAC5_e21_88.3	HDAC5	368	715	296	499	188	652
HDAC5_e22_120.11	HDAC5	214	301	34	201	160	413
HDAC5_e23_97.7	HDAC5	380	312	259	491	379	573
HDAC5_e24_119.10	HDAC5	122	251	38	237	137	552
HDAC5_e25_134.18	HDAC5	184	323	228	146	281	154
HDAC6_a1_e10_69.4	HDAC6	437	686	325	611	467	948
HDAC6_a1_e11_127.22	HDAC6	145	95	64	315	262	362
HDAC6_a1_e12_66.0	HDAC6	173	395	80	259	261	475
HDAC6_a1_e13_60.3	HDAC6	574	896	321	588	682	1067
HDAC6_a1_e14_90.1	HDAC6	598	717	654	745	553	1462
HDAC6_a1_e8_98.7	HDAC6	182	196	84	310	272	866
HDAC6_a1_e9_105.4	HDAC6	522	107	343	535	478	763
HDAC6_a2_e20_134.7	HDAC6	310	220	680	392	249	467
HDAC6_a2_e21_69.4	HDAC6	535	564	713	684	815	1278
HDAC6_a2_e22_193.13	HDAC6	395	577	950	590	572	1153
HDAC6_a2_e23_150.7	HDAC6	199	265	147	230	312	502
HDAC6_a2_e24_175.10	HDAC6	187	58	148	184	213	348
HDAC7_e14_134.17	HDAC7	15	0	0	6	15	0
HDAC7_e15_121.13	HDAC7	389	110	189	529	507	1485
HDAC7_e16_50.6	HDAC7	370	910	112	306	235	983
HDAC7_e17_108.0	HDAC7	230	296	350	382	327	921
HDAC7_e18_56.0	HDAC7	377	742	739	447	326	620
HDAC7_e19_88.1	HDAC7	334	286	610	663	405	2021
HDAC7_e20_120.12	HDAC7	230	79	138	217	277	205
HDAC7_e21_98.10	HDAC7	320	151	34	555	183	595
HDAC7_e22_119.18	HDAC7	371	421	291	374	330	444
HDAC8_e3_131.7	HDAC8	754	331	806	724	322	666
HDAC8_e4_142.12	HDAC8	561	749	442	575	473	595
HDAC8_e5_113.2	HDAC8	352	291	341	418	208	531
HDAC8_e6_78.4	HDAC8	480	175	337	602	125	324
HDAC8_e7_109.1	HDAC8	385	485	536	317	358	417
HDAC8_e8_173.14	HDAC8	766	862	755	783	287	708
HDAC9_e17_56.1	HDAC9	172	152	251	174	224	286
HDAC9_e19_120.1	HDAC9	371	932	80	426	466	751
HDAC9_e19_120.7	HDAC9	10	28	13	26	41	97
HDAC9_e20_98.7	HDAC9	506	547	1279	734	550	1311
HDAC9_e21_119.13	HDAC9	337	317	739	397	268	322
HDAC9_e22_134.4	HDAC9	383	367	379	432	627	688
HELLS_D_e10_144.9	HELLS	232	138	349	249	251	391
HELLS_D_e11_135.2	HELLS	295	301	354	462	328	277
HELLS_D_e9_190.7	HELLS	467	561	408	428	301	374
HELLS_H_e18_120.2	HELLS	417	461	706	564	589	1048
HELLS_H_e19_117.1	HELLS	164	19	61	126	41	83
HELLS_H_e20_73.0	HELLS	382	80	174	461	370	75
HIF1AN_e2_251.15	HIF1AN	289	111	241	329	349	344
HIF1AN_e2_251.26	HIF1AN	404	247	125	593	497	1098
HIF1AN_e2_251.6	HIF1AN	409	112	254	564	477	920
HIF1AN_e3_149.1	HIF1AN	362	109	64	388	348	641
HIF1AN_e4_146.7	HIF1AN	405	97	136	438	205	749
HIF1AN_e4_146.8	HIF1AN	322	83	58	670	351	352
HIF1AN_e4_146.9	HIF1AN	265	55	143	246	230	316
HLTF_D_e15_144.6	HLTF	223	581	123	328	313	313
HLTF_D_e16_139.7	HLTF	377	283	350	386	452	348
HLTF_H_e23_181.0	HLTF	339	346	249	518	644	750
HLTF_H_e23_181.1	HLTF	365	475	391	447	629	988
HLTF_H_e23_181.2	HLTF	198	160	186	198	317	258
HLTF_H_e24_81.1	HLTF	435	578	264	462	541	720
HR_e17_165.23	HR	51	66	0	28	67	81
HR_e17_165.25	HR	761	290	437	985	827	1446
HR_e17_165.26	HR	446	162	307	557	498	771
HR_e18_129.18	HR	305	434	274	506	309	1417
HR_e18_129.2	HR	343	1227	535	549	462	886
HR_e18_129.3	HR	161	866	524	312	314	494
HSPBAP1_e3_182.1	HSPBAP1	206	375	330	235	342	444
HSPBAP1_e3_182.7	HSPBAP1	381	324	423	689	353	563
HSPBAP1_e3_182.8	HSPBAP1	292	540	189	327	89	351
HSPBAP1_e4_137.11	HSPBAP1	229	124	467	314	173	553
HSPBAP1_e4_137.15	HSPBAP1	261	785	753	388	271	642
HSPBAP1_e4_137.7	HSPBAP1	469	457	167	420	309	489
HSPBAP1_e5_172.2	HSPBAP1	250	70	55	237	106	152
HSPBAP1_e5_172.4	HSPBAP1	542	1259	526	529	534	1294
HSPBAP1_e5_172.8	HSPBAP1	421	370	199	531	405	824
INO80_D_e13_81.3	INO80	117	0	0	157	15	143
INO80_D_e14_96.3	INO80	349	0	32	368	74	42
INO80_D_e15_60.2	INO80	561	283	134	574	817	725
INO80_D_e16_143.11	INO80	631	101	56	645	108	369
INO80_H_e27_128.7	INO80	356	0	0	489	89	175
INO80_H_e28_95.5	INO80	117	0	0	185	92	104
INO80_H_e29_73.0	INO80	195	0	0	234	50	293
INO80_H_e30_95.11	INO80	0	0	0	0	0	0
JARID2_e12_115.1	JARID2	233	498	275	326	381	373
JARID2_e12_115.8	JARID2	346	586	502	498	506	828
JARID2_e13_106.4	JARID2	393	900	313	517	643	903
JARID2_e13_106.5	JARID2	437	778	352	535	358	744
JARID2_e14_158.16	JARID2	286	380	396	537	417	828
JARID2_e14_158.20	JARID2	212	187	216	198	166	346
JMJD1C_e21_131.3	JMJD1C	586	555	1117	520	541	1176
JMJD1C_e21_131.4	JMJD1C	397	93	738	440	188	414
JMJD1C_e21_131.6	JMJD1C	284	202	301	396	576	424
JMJD1C_e22_86.0	JMJD1C	522	505	631	693	379	818
JMJD1C_e22_86.1	JMJD1C	242	425	244	347	196	416
JMJD1C_e22_86.2	JMJD1C	512	459	483	378	642	453
JMJD4_E1_139.0	JMJD4	128	41	1	113	240	57
JMJD4_E1_139.14	JMJD4	375	378	316	372	494	531
JMJD4_E2_166.20	JMJD4	319	167	54	443	352	1054
JMJD4_E3_126.0	JMJD4	237	76	176	315	201	725
JMJD4_E3_126.7	JMJD4	169	90	81	216	98	351
JMJD4_E4_268.37	JMJD4	363	211	463	407	390	658
JMJD4_E4_268.42	JMJD4	468	175	243	663	598	1053
JMJD6_e3_280.11	JMJD6	238	562	142	448	167	548
JMJD6_e3_280.3	JMJD6	476	118	184	391	135	388
JMJD6_e3_280.45	JMJD6	450	332	89	573	252	755
JMJD6_e4_52.0	JMJD6	508	176	104	650	144	459
JMJD7_e2_95.10	JMJD7	280	58	51	284	267	616
JMJD7_e3_254.41	JMJD7	229	227	152	405	278	950
JMJD7_e4_57.0	JMJD7	285	430	462	383	376	747
JMJD7_e5_96.4	JMJD7	285	392	105	252	284	393
JMJD7_e6_77.10	JMJD7	281	501	386	275	145	458
JMJD8_E3_49.6	JMJD8	651	817	469	658	531	906
JMJD8_E4_97.12	JMJD8	362	171	301	228	456	463
JMJD8_E5_69.9	JMJD8	392	339	146	301	416	1141
JMJD8_E6_120.1	JMJD8	230	287	258	403	234	635
JMJD8_E7_68.4	JMJD8	711	801	297	631	668	951
JMJD8_E9_30.0	JMJD8	517	397	1031	653	473	1450
KAT2A_BD_e17_64.2	KAT2A	315	540	0	259	370	659
KAT2A_BD_e17_64.4	KAT2A	135	87	189	178	47	193
KAT2A_BD_e17_64.6	KAT2A	426	806	369	712	235	508
KAT2A_BD_e18_158.15	KAT2A	256	198	136	422	155	333
KAT2A_BD_e18_158.19	KAT2A	343	1250	249	463	136	126
KAT2A_BD_e18_158.5	KAT2A	104	84	41	177	23	94
KAT2B_BD_e17_85.0	KAT2B	359	720	134	430	438	832
KAT2B_BD_e17_85.3	KAT2B	550	1598	799	582	1190	1422
KAT2B_BD_e17_85.8	KAT2B	405	347	524	496	574	678
KAT2B_BD_e18_190.12	KAT2B	552	700	845	634	662	1133
KAT2B_BD_e18_190.13	KAT2B	655	1238	629	980	883	1339
KAT2B_BD_e18_190.14	KAT2B	648	1123	1187	936	1014	1659
KDM1A_e11_140.8	KDM1A	530	808	377	594	268	606
KDM1A_e13_135.3	KDM1A	312	674	39	285	70	238
KDM1A_e14_112.1	KDM1A	439	85	125	651	142	246
KDM1A_e15_133.6	KDM1A	402	58	64	540	61	94
KDM1A_e16_188.13	KDM1A	140	118	0	224	156	171
KDM1A_e17_115.1	KDM1A	139	31	22	130	72	174
KDM1A_e18_128.5	KDM1A	528	71	34	691	76	229
KDM1A_e19_147.2	KDM1A	291	62	91	452	137	21
KDM1A_e8_82.0	KDM1A	650	53	79	666	623	742
KDM1A_e9_95.4	KDM1A	545	110	24	508	393	422
KDM1B_e11_138.6	KDM1B	226	182	82	400	440	483
KDM1B_e12_132.8	KDM1B	343	615	201	397	370	1059
KDM1B_e13_75.2	KDM1B	511	201	760	478	741	490
KDM1B_e14_117.3	KDM1B	129	124	0	103	120	255
KDM1B_e15_126.10	KDM1B	66	169	103	115	112	207
KDM1B_e16_123.4	KDM1B	203	359	153	336	211	393
KDM1B_e17_153.11	KDM1B	508	636	590	692	629	1209
KDM2A_E10_56.0	KDM2A	311	249	219	357	224	124
KDM2A_E10_56.4	KDM2A	309	323	35	354	110	270
KDM2A_E8_93.0	KDM2A	333	406	210	466	384	349
KDM2A_E8_93.6	KDM2A	747	315	236	684	231	565
KDM2A_E9_154.1	KDM2A	445	200	589	665	94	292
KDM2A_E9_154.10	KDM2A	165	50	57	244	42	156
KDM2B_e6_107.0	KDM2B	642	351	789	528	508	596
KDM2B_e6_107.3	KDM2B	309	406	157	274	547	395
KDM2B_e6_107.7	KDM2B	725	958	984	897	1174	907
KDM2B_e7_94.10	KDM2B	456	287	1104	635	611	618
KDM2B_e7_94.3	KDM2B	522	357	673	536	735	1685
KDM3A_e21_131.0	KDM3A	481	607	263	519	710	591
KDM3A_e21_131.1	KDM3A	113	34	143	221	311	320
KDM3A_e21_131.13	KDM3A	446	477	361	619	784	764
KDM3A_e22_95.1	KDM3A	343	508	538	515	489	1027
KDM3A_e22_95.4	KDM3A	483	156	1194	445	247	674
KDM3A_e22_95.5	KDM3A	283	253	303	307	270	1022
KDM3B_e19_131.11	KDM3B	452	440	244	557	707	3214
KDM3B_e19_131.2	KDM3B	147	190	341	328	149	588
KDM3B_e19_131.7	KDM3B	282	561	68	248	324	514
KDM3B_e20_86.1	KDM3B	369	372	496	397	931	1887
KDM4A_e5_95.0	KDM4A	268	392	457	328	181	431
KDM4A_e6_50.2	KDM4A	106	361	104	143	93	143
KDM4A_e6_50.3	KDM4A	32	60	0	72	47	44
KDM4A_e7_104.4	KDM4A	160	41	201	276	205	249
KDM4A_e7_104.5	KDM4A	76	149	307	180	256	134
KDM4A_e8_95.6	KDM4A	461	369	392	505	519	493
KDM4A_e8_95.8	KDM4A	286	583	502	458	306	664
KDM4B_e6_106.0	KDM4B	627	571	346	686	541	788
KDM4B_e6_106.11	KDM4B	108	43	213	124	180	140
KDM4B_e7_50.1	KDM4B	130	179	62	229	87	419
KDM4B_e7_50.4	KDM4B	119	43	35	64	86	70
KDM4B_e8_104.11	KDM4B	596	508	568	571	639	1563
KDM4B_e8_104.12	KDM4B	186	365	322	187	196	801
KDM4B_e8_104.5	KDM4B	371	256	216	447	203	433
KDM4B_e9_96.5	KDM4B	167	222	157	317	228	401
KDM4B_e9_96.6	KDM4B	304	483	216	415	473	649
KDM4B_e9_96.7	KDM4B	176	184	198	187	322	164
KDM4C_e5_106.1	KDM4C	538	443	229	508	392	684
KDM4C_e5_106.7	KDM4C	236	308	64	237	214	199
KDM4C_e6_50.0	KDM4C	302	641	179	415	380	627
KDM4C_e6_50.1	KDM4C	90	108	75	58	39	231
KDM4C_e6_50.2	KDM4C	280	226	446	416	342	451
KDM4C_e7_104.5	KDM4C	927	960	1004	1494	1274	2091
KDM4C_e7_104.6	KDM4C	383	479	360	744	637	966
KDM4C_e7_104.8	KDM4C	328	182	55	418	511	524
KDM4C_e8_96.1	KDM4C	390	335	368	389	347	763
KDM4C_e8_96.5	KDM4C	201	379	197	329	90	319
KDM4D_e3_349.26	KDM4D	22	0	20	48	135	31
KDM4D_e3_349.27	KDM4D	342	590	152	312	438	712
KDM4D_e3_349.33	KDM4D	481	871	755	524	691	944
KDM4D_e3_349.39	KDM4D	286	419	175	361	582	815
KDM4D_e3_349.45	KDM4D	270	91	357	327	275	255
KDM4D_e3_349.63	KDM4D	469	612	203	401	430	1206
KDM5A_e11_79.1	KDM5A	733	1178	921	619	611	1990
KDM5A_e12_163.16	KDM5A	390	181	176	505	334	470
KDM5A_e12_163.5	KDM5A	610	217	164	561	353	701
KDM5A_e12_163.8	KDM5A	280	134	203	353	187	492
KDM5A_e13_120.2	KDM5A	451	254	114	466	124	532
KDM5A_e13_120.7	KDM5A	506	305	126	561	235	915
KDM5B_e11_86.2	KDM5B	391	460	944	669	490	754
KDM5B_e11_86.5	KDM5B	127	104	64	173	97	174
KDM5B_e12_163.12	KDM5B	418	577	316	540	345	472
KDM5B_e12_163.13	KDM5B	160	158	238	253	127	147
KDM5B_e12_163.17	KDM5B	470	699	457	700	588	1189
KDM5B_e13_120.0	KDM5B	294	112	130	341	236	420
KDM5B_e13_120.1	KDM5B	74	174	1	153	106	97
KDM5B_e13_120.2	KDM5B	213	348	77	324	266	222
KDM5C_e11_95.9	KDM5C	287	68	36	347	87	406
KDM5C_e12_163.1	KDM5C	541	144	354	675	443	329
KDM5C_e12_163.15	KDM5C	213	147	60	214	127	180
KDM5C_e12_163.18	KDM5C	467	323	49	680	282	438
KDM5C_e13_120.10	KDM5C	170	94	16	261	102	174
KDM5C_e13_120.3	KDM5C	191	181	20	232	169	199
KDM5C_e13_120.6	KDM5C	232	570	375	251	157	493
KDM5D_e13_79.1	KDM5D	566	675	385	584	753	1438
KDM5D_e14_163.1	KDM5D	382	354	184	272	495	704
KDM5D_e14_163.18	KDM5D	303	439	231	358	559	495
KDM5D_e14_163.8	KDM5D	441	722	412	358	665	999
KDM5D_e15_118.1	KDM5D	357	314	195	228	402	902
KDM5D_e15_118.5	KDM5D	378	287	283	295	402	1249
KDM5D_e15_118.7	KDM5D	275	310	383	265	377	572
KDM6A_e25_115.7	KDM6A	281	459	429	658	216	285
KDM6A_e25_115.8	KDM6A	389	680	506	670	209	748
KDM6A_e26_188.12	KDM6A	398	350	373	501	133	254
KDM6A_e26_188.17	KDM6A	366	275	260	379	208	124
KDM6B_e18_115.4	KDM6B	364	210	362	279	205	155
KDM6B_e18_115.6	KDM6B	609	295	290	752	399	1403
KDM6B_e18_115.7	KDM6B	374	193	145	434	176	712
KDM6B_e19_188.0	KDM6B	563	777	162	818	685	513
KDM6B_e19_188.26	KDM6B	237	39	70	322	78	506
KDM6B_e19_188.5	KDM6B	168	129	5	194	138	222
KDM7A_e6_187.15	KDM7A	550	851	274	568	747	1372
KDM7A_e6_187.17	KDM7A	402	456	207	391	268	408
KDM7A_e6_187.7	KDM7A	277	304	174	521	360	516
KDM7A_e6_187.8	KDM7A	153	286	584	321	217	330
KDM7A_e6_187.9	KDM7A	543	767	767	652	442	1029
KDM8_e4_133.0	KDM8	242	0	0	333	41	63
KDM8_e4_133.7	KDM8	284	19	0	491	211	395
KDM8_e4_133.8	KDM8	716	0	0	600	83	328
KDM8_e5_45.0	KDM8	355	45	0	329	179	400
KDM8_e5_45.1	KDM8	331	0	0	558	142	255
KDM8_e6_150.10	KDM8	310	302	47	347	156	96
KDM8_e6_150.12	KDM8	701	29	0	797	93	717
KDM8_e6_150.27	KDM8	477	7	0	515	71	462
KDM8_e7_159.0	KDM8	466	73	58	640	87	118
KDM8_e7_159.11	KDM8	267	465	46	401	51	74
KDM8_e7_159.7	KDM8	71	0	5	54	7	54
KMT2A_BD_e16_174.15	KMT2A	296	372	178	328	246	182
KMT2A_BD_e16_174.16	KMT2A	471	647	365	678	459	667
KMT2A_BD_e16_174.22	KMT2A	483	453	777	488	215	607
KMT2A_BD_e17_111.1	KMT2A	446	548	549	671	675	779
KMT2A_BD_e17_111.4	KMT2A	321	336	285	459	373	599
KMT2A_BD_e17_111.6	KMT2A	703	721	743	664	521	1254
KMT2A_BD_e18_50.1	KMT2A	186	518	283	253	243	273
KMT2A_BD_e18_50.2	KMT2A	383	419	350	523	314	394
KMT2A_BD_e18_50.3	KMT2A	621	424	885	528	424	736
KMT2B_e36_130.0	KMT2B	455	44	41	429	337	625
KMT2B_e36_130.2	KMT2B	734	473	662	895	286	661
KMT2B_e36_130.3	KMT2B	284	119	214	381	133	221
KMT2B_e37_218.0	KMT2B	279	181	75	216	41	88
KMT2B_e37_218.11	KMT2B	467	174	60	334	73	262
KMT2B_e37_218.25	KMT2B	180	15	267	138	49	13
KMT2C_e58_117.3	KMT2C	121	489	316	265	210	553
KMT2C_e58_117.5	KMT2C	659	1291	816	675	776	1722
KMT2C_e58_117.6	KMT2C	117	723	0	80	99	167
KMT2C_e59_74.1	KMT2C	255	556	630	299	256	718
KMT2C_e59_74.2	KMT2C	269	132	322	387	231	520
KMT2C_e59_74.3	KMT2C	198	76	203	259	211	782
KMT2C_e60_109.0	KMT2C	623	1461	799	697	807	1482
KMT2C_e60_109.5	KMT2C	41	59	159	35	44	31
KMT2C_e60_109.7	KMT2C	415	837	669	444	513	826
KMT2D_e50_153.15	KMT2D	41	13	0	51	27	0
KMT2D_e50_153.16	KMT2D	592	520	146	729	221	463
KMT2D_e50_153.9	KMT2D	398	341	25	536	146	219
KMT2D_e51_74.0	KMT2D	217	94	69	292	58	188
KMT2D_e51_74.1	KMT2D	188	38	16	284	139	220
KMT2D_e52_109.3	KMT2D	299	37	129	156	81	3
KMT2D_e52_109.6	KMT2D	20	0	0	34	0	99
KMT2D_e52_109.8	KMT2D	472	176	115	739	66	514
MINA_e2_254.19	MINA	283	539	366	377	241	492
MINA_e3_120.4	MINA	285	395	496	476	324	670
MINA_e4_129.12	MINA	204	269	46	238	110	357
MINA_e5_104.4	MINA	297	918	644	554	478	781
MINA_e6_103.8	MINA	175	591	192	336	288	891
MINA_e7_172.5	MINA	491	494	516	582	418	954
MLL1_e35_130.12	MLL1	413	861	625	697	391	804
MLL1_e35_130.6	MLL1	629	683	471	690	674	928
MLL1_e35_130.8	MLL1	214	236	504	209	169	254
MLL1_e36_237.14	MLL1	90	40	0	88	13	55
MLL1_e36_237.6	MLL1	147	134	262	243	99	258
MLL1_e36_237.8	MLL1	246	214	159	209	124	183
MLL5_e11_105.0	MLL5	732	530	886	795	1795	1934
MLL5_e11_105.4	MLL5	279	446	555	380	939	1951
MLL5_e11_105.5	MLL5	543	522	493	708	1004	1299
MLL5_e12_118.4	MLL5	300	142	188	385	582	923
MLL5_e12_118.6	MLL5	319	154	172	299	495	1287
MLL5_e12_118.7	MLL5	221	524	321	497	406	1240
MLL5_e13_110.1	MLL5	892	1452	626	664	1456	3185
MLL5_e13_110.2	MLL5	696	628	437	748	1473	2680
MLL5_e13_110.3	MLL5	823	1969	1704	899	1123	1665
MOF_e10_135.9	MOF	335	7	0	453	131	97
MOF_e5_164.14	MOF	589	0	0	801	317	402
MOF_e6_90.7	MOF	244	0	0	232	23	230
MOF_e7_141.6	MOF	80	0	114	152	276	204
MOF_e8_94.3	MOF	406	0	123	397	113	103
MOF_e9_151.11	MOF	145	0	0	226	6	31
MORF_e12_162.0	MORF	67	72	38	104	3	165
MORF_e12_162.8	MORF	653	1006	1564	1001	1129	1665
MORF_e12_162.9	MORF	162	372	167	287	141	440
MORF_e13_94.8	MORF	320	449	330	351	268	217
MORF_e14_210.22	MORF	187	104	42	287	276	234
MORF_e14_210.3	MORF	675	839	292	664	840	1494
MOZ_e12_162.1	MOZ	258	347	382	423	320	735
MOZ_e12_162.7	MOZ	332	714	331	555	209	811
MOZ_e12_162.8	MOZ	323	606	232	512	456	805
MOZ_e13_94.4	MOZ	75	87	46	133	54	14
MOZ_e13_94.5	MOZ	346	569	312	537	249	169
MOZ_e14_210.0	MOZ	247	343	279	284	202	311
MOZ_e14_210.3	MOZ	226	1155	54	463	132	707
NAT10_e18_75.1	NAT10	185	178	100	134	257	383
NAT10_e18_75.4	NAT10	372	0	0	341	130	205
NAT10_e18_75.5	NAT10	1217	159	57	1317	657	1337
NAT10_e18_75.6	NAT10	587	25	22	620	300	492
NAT10_e18_75.7	NAT10	536	60	0	600	196	398
NCOA1_e17_403.2	NCOA1	149	631	199	301	80	376
NCOA1_e17_403.26	NCOA1	35	83	35	34	0	27
NCOA1_e17_403.31	NCOA1	193	630	281	211	296	475
NCOA1_e18_175.12	NCOA1	295	44	159	231	264	262
NCOA1_e18_175.13	NCOA1	77	95	144	145	45	93
NCOA1_e18_175.22	NCOA1	464	596	563	517	320	577
NCOA2_e19_235.10	NCOA2	452	885	361	593	889	1289
NCOA2_e19_235.14	NCOA2	351	361	81	266	183	707
NCOA2_e19_235.16	NCOA2	285	599	146	504	629	1077
NCOA2_e20_178.17	NCOA2	427	767	341	491	602	656
NCOA2_e20_178.18	NCOA2	559	384	1119	513	823	1065
NCOA2_e20_178.20	NCOA2	260	384	633	366	311	1034
neg01	neg01	234	260	118	383	422	706
neg02	neg02	342	341	452	259	426	827
neg03	neg03	486	796	832	756	868	1401
neg04	neg04	273	481	911	373	580	958
neg05	neg05	185	314	185	129	57	296
neg06	neg06	508	871	902	523	529	1546
neg07	neg07	638	1521	573	704	658	1171
neg08	neg08	376	859	219	497	395	666
neg09	neg09	187	570	324	355	302	618
neg10	neg10	296	400	394	259	338	326
neg11	neg11	182	293	833	260	478	1107
neg12	neg12	339	604	295	292	388	1392
neg13	neg13	565	688	452	591	626	913
neg14	neg14	0	12	19	11	57	0
neg15	neg15	250	239	98	391	342	690
neg16	neg16	149	88	474	235	184	375
neg17	neg17	439	792	362	407	523	690
neg18	neg18	489	1734	426	519	549	783
neg19	neg19	268	269	757	264	218	434
neg20	neg20	449	462	383	407	644	1012
neg21	neg21	257	427	66	176	240	440
neg22	neg22	229	873	751	304	375	583
neg23	neg23	255	171	329	174	225	186
neg24	neg24	265	464	400	326	278	780
neg25	neg25	346	542	489	481	483	710
neg26	neg26	451	831	1097	500	635	1506
neg27	neg27	460	958	235	546	816	1257
neg28	neg28	129	154	30	123	142	408
neg29	neg29	565	725	406	665	634	756
neg30	neg30	749	1043	822	943	1180	1380
neg31	neg31	305	393	724	420	397	548
neg32	neg32	827	1403	1114	1128	1469	2134
neg33	neg33	172	228	106	309	238	337
neg34	neg34	449	336	407	392	318	817
neg35	neg35	422	1127	365	470	466	966
neg36	neg36	392	424	195	391	254	619
neg37	neg37	340	259	220	370	338	826
neg38	neg38	440	403	750	454	462	772
neg39	neg39	240	290	175	298	245	178
neg40	neg40	342	826	276	278	520	590
neg41	neg41	121	161	86	166	201	218
neg42	neg42	112	161	157	77	104	437
neg43	neg43	181	211	281	233	374	739
neg44	neg44	91	183	29	37	36	351
neg45	neg45	159	267	140	188	131	398
neg46	neg46	236	443	253	456	378	352
neg47	neg47	339	632	265	330	225	684
neg48	neg48	324	950	156	366	476	481
neg49	neg49	286	858	291	372	301	544
neg50	neg50	231	513	223	489	412	805
NO66_e1_980.106	NO66	135	274	291	225	160	372
NO66_e1_980.131	NO66	446	384	402	534	534	1012
NO66_e1_980.160	NO66	216	242	158	281	149	639
NO66_e1_980.162	NO66	95	134	87	107	186	249
NO66_e1_980.7	NO66	558	678	870	979	827	1803
NSD1_e19_117.0	NSD1	483	401	462	438	261	692
NSD1_e20_142.13	NSD1	307	154	345	386	119	264
NSD1_e20_142.4	NSD1	106	253	146	132	152	133
NSD1_e20_142.7	NSD1	550	228	369	665	177	333
NSD1_e21_41.0	NSD1	264	182	171	421	231	297
NSD1_e21_41.1	NSD1	327	319	196	351	159	596
NSD2_e19_73.7	NSD2	1197	804	552	1524	1102	1873
NSD2_e19_73.8	NSD2	583	418	212	754	594	853
NSD2_e20_117.0	NSD2	102	143	298	219	199	245
NSD2_e20_117.3	NSD2	395	284	149	340	266	473
NSD2_e21_142.16	NSD2	576	338	164	423	413	757
NSD2_e21_142.6	NSD2	134	36	17	192	153	145
NSD3_e20_117.1	NSD3	143	118	200	262	179	247
NSD3_e20_117.2	NSD3	226	106	155	353	183	748
NSD3_e21_142.0	NSD3	528	815	362	622	719	1372
NSD3_e21_142.11	NSD3	400	312	320	579	595	954
NSD3_e21_142.4	NSD3	250	376	121	232	130	268
PADI4_e10_108.0	PADI4	537	727	375	577	659	1062
PADI4_e11_155.15	PADI4	400	463	111	450	351	567
PADI4_e12_145.10	PADI4	302	601	664	558	332	939
PADI4_e13_103.11	PADI4	211	378	368	219	211	550
PADI4_e14_70.0	PADI4	971	1696	1144	902	679	1447
PADI4_e15_129.1	PADI4	319	347	262	275	404	508
PADI4_e8_104.8	PADI4	144	19	25	152	53	223
PADI4_e9_112.0	PADI4	348	302	697	336	289	743
PBRM1_BD1_e3_98.0	PBRM1	459	818	576	622	653	1183
PBRM1_BD1_e3_98.1	PBRM1	334	192	297	343	169	330
PBRM1_BD1_e3_98.6	PBRM1	244	298	267	275	350	398
PBRM1_BD1_e4_148.0	PBRM1	697	677	1240	872	717	987
PBRM1_BD1_e4_148.5	PBRM1	899	778	550	771	1059	1375
PBRM1_BD1_e4_148.6	PBRM1	314	342	409	360	359	330
PBRM1_BD1_e5_86.0	PBRM1	200	182	649	292	151	670
PBRM1_BD1_e5_86.3	PBRM1	409	680	574	420	799	851
PBRM1_BD1_e5_86.5	PBRM1	278	238	85	293	226	193
PBRM1_BD2_e6_117.1	PBRM1	242	335	94	456	409	604
PBRM1_BD2_e6_117.2	PBRM1	510	176	534	362	376	784
PBRM1_BD2_e6_117.5	PBRM1	292	332	586	404	286	441
PBRM1_BD2_e7_69.1	PBRM1	696	434	1272	1076	520	1001
PBRM1_BD2_e7_69.2	PBRM1	520	326	331	527	333	326
PBRM1_BD2_e8_99.1	PBRM1	282	199	427	474	264	724
PBRM1_BD2_e8_99.2	PBRM1	341	366	768	422	287	453
PBRM1_BD2_e8_99.4	PBRM1	551	353	616	738	544	1073
PBRM1_BD3_e12_158.2	PBRM1	494	310	348	458	345	746
PBRM1_BD3_e12_158.3	PBRM1	475	233	673	609	262	685
PBRM1_BD3_e13_140.1	PBRM1	81	27	23	102	138	165
PBRM1_BD3_e13_140.2	PBRM1	348	179	156	352	279	632
PBRM1_BD3_e13_140.4	PBRM1	58	120	48	98	164	116
PBRM1_BD4_e15_277.0	PBRM1	164	127	320	154	199	140
PBRM1_BD4_e15_277.10	PBRM1	221	64	76	291	101	259
PBRM1_BD4_e15_277.14	PBRM1	248	179	224	249	165	612
PBRM1_BD5_e17_310.11	PBRM1	289	179	277	471	403	1025
PBRM1_BD5_e17_310.16	PBRM1	423	301	455	518	480	648
PBRM1_BD5_e17_310.9	PBRM1	327	384	494	522	635	913
PBRM1_BD6_e17_246.5	PBRM1	464	181	397	419	301	691
PBRM1_BD6_e17_246.7	PBRM1	289	326	386	339	352	686
PBRM1_BD6_e17_246.8	PBRM1	63	363	77	66	67	121
PCAF_e11_118.0	PCAF	265	435	410	519	407	765
PCAF_e11_118.1	PCAF	313	887	322	667	565	859
PCAF_e11_118.7	PCAF	656	504	971	704	537	550
PCAF_e11_118.9	PCAF	452	769	495	659	874	1340
PCAF_e12_59.0	PCAF	311	522	418	421	318	807
PCNA_e2.1	PCNA	311	0	58	276	28	86
PCNA_e2.2	PCNA	161	0	0	153	19	29
PCNA_e3.1	PCNA	587	310	411	471	597	1717
PCNA_e3.2	PCNA	234	64	0	197	15	19
PHF2_e6_79.6	PHF2	183	94	400	382	259	735
PHF2_e7_163.12	PHF2	194	277	177	272	158	320
PHF2_e7_163.13	PHF2	214	358	436	360	156	653
PHF2_e7_163.9	PHF2	258	87	202	394	202	477
PHF2_e8_50.1	PHF2	260	425	722	500	314	699
PHF2_e8_50.3	PHF2	570	737	471	805	706	1059
PHF8_e7_187.10	PHF8	569	288	168	687	220	694
PHF8_e7_187.12	PHF8	453	450	251	523	300	323
PHF8_e7_187.13	PHF8	144	113	59	164	94	13
PHF8_e7_187.2	PHF8	203	315	122	153	102	234
PHF8_e7_187.8	PHF8	412	374	341	711	227	463
PhIP_BD1_e30_86.1	PhIP	200	372	249	270	150	278
PhIP_BD1_e30_86.7	PhIP	808	619	433	839	542	1355
PhIP_BD1_e31_121.0	PhIP	467	149	281	540	620	887
PhIP_BD1_e31_121.12	PhIP	295	456	55	548	316	525
PhIP_BD1_e31_121.5	PhIP	573	419	381	498	770	609
PhIP_BD1_e32_126.0	PhIP	41	104	77	83	52	3
PhIP_BD1_e32_126.4	PhIP	249	162	119	293	189	629
PhIP_BD1_e32_126.5	PhIP	714	626	393	863	884	698
PhIP_BD2_e35_80.0	PhIP	271	347	183	352	360	374
PhIP_BD2_e35_80.2	PhIP	505	296	197	488	467	1084
PhIP_BD2_e35_80.3	PhIP	420	357	59	395	173	557
PhIP_BD2_e36_153.0	PhIP	728	693	603	996	563	1126
PhIP_BD2_e36_153.1	PhIP	427	290	145	410	296	316
PhIP_BD2_e36_153.9	PhIP	637	471	430	683	544	811
PhIP_BD2_e37_80.0	PhIP	452	202	132	430	345	504
POLR2A_e10.1	POLR2A	189	0	0	298	77	26
POLR2A_e10.2	POLR2A	253	23	13	254	123	233
POLR2A_e2.1	POLR2A	92	0	0	141	6	29
POLR2A_e2.2	POLR2A	190	0	250	206	48	52
POLR2A_e27.1	POLR2A	542	73	45	824	298	526
POLR2A_e27.2	POLR2A	482	116	149	567	614	947
POLR2A_e28.1	POLR2A	202	11	43	241	98	343
POLR2A_e28.2	POLR2A	423	127	129	551	417	870
POLR2D_e2.1	POLR2D	598	0	59	693	229	471
POLR2D_e3.1	POLR2D	186	0	0	201	18	126
PRDM2_e3_47.0	PRDM2	158	193	362	275	541	426
PRDM2_e3_47.1	PRDM2	256	239	704	175	246	150
PRDM2_e4_104.3	PRDM2	261	620	275	536	492	887
PRDM2_e5_153.4	PRDM2	203	332	287	494	384	788
PRDM2_e5_153.5	PRDM2	323	199	153	403	317	575
PRDM2_e6_63.3	PRDM2	367	654	568	612	565	752
PRDM2_e6_63.7	PRDM2	157	139	242	219	279	206
PRDM8_e8_135.1	PRDM8	464	548	387	640	579	1146
PRDM8_e8_135.11	PRDM8	109	484	521	290	208	434
PRDM8_e8_135.12	PRDM8	378	285	487	555	377	1041
PRDM8_e9_190.13	PRDM8	469	637	665	943	542	1202
PRDM8_e9_190.8	PRDM8	610	556	278	696	652	1275
PRDM8_e9_190.9	PRDM8	179	298	900	174	270	371
PRDM9_e10_135.11	PRDM9	251	416	113	284	378	268
PRDM9_e8_158.10	PRDM9	488	497	295	642	730	739
PRDM9_e8_158.18	PRDM9	514	569	714	579	517	1077
PRDM9_e8_158.7	PRDM9	767	973	689	984	1048	1571
PRDM9_e9_68.4	PRDM9	427	763	386	606	278	866
PRL9_e3.1	PRL9	317	36	0	303	114	74
PRL9_e3.2	PRL9	288	25	22	303	92	565
PRL9_e4.1	PRL9	490	16	0	579	87	47
PRL9_e4.2	PRL9	243	0	0	230	12	43
PRMT1_e4_73.0	PRMT1	329	1	34	345	23	88
PRMT1_e4_73.6	PRMT1	311	0	0	311	27	121
PRMT1_e4_73.7	PRMT1	154	187	46	125	254	176
PRMT1_e6_143.13	PRMT1	146	0	0	207	21	107
PRMT1_e6_143.14	PRMT1	158	0	0	107	5	0
PRMT2_e6_162.10	PRMT2	371	485	160	445	261	569
PRMT2_e6_162.11	PRMT2	415	567	257	530	444	727
PRMT2_e6_162.8	PRMT2	255	201	366	271	220	326
PRMT2_e7_165.10	PRMT2	308	212	144	331	234	504
PRMT2_e7_165.12	PRMT2	424	292	346	383	331	961
PRMT2_e7_165.21	PRMT2	194	48	187	227	142	381
PRMT3_e10_100.0	PRMT3	238	83	169	126	621	456
PRMT3_e10_100.1	PRMT3	317	298	467	549	951	976
PRMT3_e10_100.2	PRMT3	514	1298	555	607	670	1280
PRMT3_e9_122.3	PRMT3	135	125	124	102	228	132
PRMT3_e9_122.5	PRMT3	297	151	214	273	191	230
PRMT3_e9_122.6	PRMT3	191	409	268	265	671	661
PRMT5_e11_123.12	PRMT5	162	0	0	156	28	0
PRMT5_e11_123.13	PRMT5	120	10	0	184	8	114
PRMT5_e11_123.14	PRMT5	233	0	0	249	25	226
PRMT5_e12_106.10	PRMT5	469	0	0	381	44	144
PRMT5_e12_106.3	PRMT5	583	0	0	482	170	119
PRMT5_e12_106.4	PRMT5	339	36	24	493	170	124
PRMT6_e1_281.34	PRMT6	335	264	326	496	403	1183
PRMT6_e1_281.50	PRMT6	102	59	222	156	142	124
PRMT6_e1_281.6	PRMT6	183	202	110	224	92	317
PRMT7_e5_73.0	PRMT7	197	266	16	173	177	374
PRMT7_e5_73.1	PRMT7	439	242	116	432	266	594
PRMT7_e5_73.2	PRMT7	343	143	83	406	364	246
PRMT7_e6_79.2	PRMT7	588	311	242	443	410	1216
PRMT7_e6_79.3	PRMT7	80	24	131	145	50	91
PRMT8_e3_68.3	PRMT8	235	100	81	170	54	117
PRMT8_e3_68.8	PRMT8	257	389	461	311	272	580
PRMT8_e4_64.0	PRMT8	613	495	498	628	708	1179
PRMT8_e4_64.1	PRMT8	567	829	1541	693	699	2619
PRMT8_e4_64.2	PRMT8	214	730	690	362	392	740
PRMT8_e5_143.10	PRMT8	118	20	56	88	220	57
PRMT8_e5_143.11	PRMT8	183	57	549	180	402	370
PRMT8_e5_143.13	PRMT8	497	694	643	578	449	981
PRMT9_e4_168.0	PRMT9	415	306	987	503	462	950
PRMT9_e4_168.4	PRMT9	874	828	1357	958	721	2231
PRMT9_e4_168.5	PRMT9	554	1098	1298	777	624	1304
PRMT9_e4_168.6	PRMT9	221	121	233	250	111	277
PRMT9_e4_168.7	PRMT9	306	185	239	301	234	534
RAD54L_D_e7_237.21	RAD54L	467	576	305	639	356	801
RAD54L_D_e8_125.10	RAD54L	144	103	64	113	99	156
RAD54L_D_e9_95.6	RAD54L	197	206	37	163	147	184
RAD54L_H_e14_124.7	RAD54L	347	301	63	351	297	446
RAD54L_H_e15_79.0	RAD54L	520	241	141	556	491	360
RAD54L_H_e16_180.9	RAD54L	265	513	61	339	345	71
RAD54L2_D_e10_135.5	RAD54L2	273	371	156	501	189	560
RAD54L2_D_e7_118.9	RAD54L2	328	102	223	263	134	342
RAD54L2_D_e8_134.9	RAD54L2	106	182	102	248	162	425
RAD54L2_D_e9_197.16	RAD54L2	420	385	605	538	375	605
RAD54L2_H_e13_119.0	RAD54L2	402	299	436	650	404	431
RAD54L2_H_e14_119.4	RAD54L2	304	344	298	219	245	335
RAD54L2_H_e15_100.9	RAD54L2	580	306	733	722	355	814
RAD54L2_H_e16_135.7	RAD54L2	143	189	108	185	166	145
Rosa26	Rosa26	1237	236	505	395	388	520
RPA3_e1.1	RPA3	175	6	0	178	83	0
RPA3_e1.2	RPA3	294	6	0	308	83	16
RPA3_e1.3	RPA3	108	0	0	63	0	0
RPA3_e2.1	RPA3	289	63	0	324	195	558
RPL23A_e2.1	RPL23A	824	1256	884	929	1236	1835
RPL23A_e2.2	RPL23A	324	0	0	527	120	256
RPL23A_e3.1	RPL23A	320	0	17	447	127	207
SCRAP_D_e14_137.13	SCRAP	671	283	0	601	181	133
SCRAP_D_e14_137.15	SCRAP	164	0	0	127	99	316
SCRAP_D_e15_170.7	SCRAP	148	0	0	168	0	120
SCRAP_D_e15_170.8	SCRAP	42	0	0	54	59	93
SCRAP_H_e28_170.10	SCRAP	154	17	0	226	16	18
SCRAP_H_e29_197.18	SCRAP	105	31	0	114	29	4
SETD1A_e17_120.4	SETD1A	129	26	152	153	102	107
SETD1A_e18_138.0	SETD1A	156	267	63	162	49	63
SETD1A_e18_138.16	SETD1A	301	116	0	254	56	5
SETD1A_e18_138.17	SETD1A	278	105	358	328	155	415
SETD1A_e19_118.2	SETD1A	150	95	149	275	215	255
SETD1A_e19_118.5	SETD1A	1564	715	255	1846	803	673
SETD1A_e19_118.6	SETD1A	699	292	132	993	394	382
SETD1B_e15_95.7	SETD1B	275	335	605	311	1203	1403
SETD1B_e16_138.10	SETD1B	458	811	543	568	1056	2839
SETD1B_e16_138.11	SETD1B	278	103	233	378	188	152
SETD1B_e16_138.9	SETD1B	230	305	762	252	964	1880
SETD1B_e17_118.1	SETD1B	534	404	600	511	1601	2050
SETD1B_e17_118.2	SETD1B	414	1091	1532	578	1807	2589
SETD1B_e17_118.3	SETD1B	821	322	342	771	2136	2953
SETD2_e5_124.1	SETD2	954	112	0	791	155	555
SETD2_e5_124.2	SETD2	183	0	0	170	66	115
SETD2_e5_124.5	SETD2	280	0	0	272	143	161
SETD2_e6_78.0	SETD2	446	119	113	588	323	1072
SETD2_e7_98.0	SETD2	624	5	19	874	109	334
SETD2_e7_98.2	SETD2	754	353	79	621	225	315
SETD2_e7_98.3	SETD2	376	11	0	360	87	73
SETD4_e6_175.12	SETD4	189	167	29	278	183	319
SETD4_e6_175.16	SETD4	224	168	402	256	433	714
SETD4_e6_175.19	SETD4	156	103	770	135	129	195
SETD4_e7_103.0	SETD4	240	299	169	516	175	455
SETD4_e7_103.2	SETD4	594	721	607	457	469	866
SETD5_e10_118.2	SETD5	682	393	311	649	292	718
SETD5_e10_118.4	SETD5	799	429	530	989	481	893
SETD5_e10_118.5	SETD5	314	171	150	361	213	203
SETD5_e11_110.0	SETD5	732	574	570	744	632	1468
SETD5_e11_110.1	SETD5	307	336	90	297	175	302
SETD5_e9_105.1	SETD5	128	74	23	297	291	158
SETD5_e9_105.2	SETD5	146	44	0	114	158	253
SETD6_e4_118.10	SETD6	122	28	37	134	89	150
SETD6_e4_118.16	SETD6	414	968	335	649	425	996
SETD6_e4_118.19	SETD6	426	838	453	534	302	765
SETD6_e5_121.11	SETD6	398	315	382	468	584	856
SETD6_e5_121.2	SETD6	186	293	102	228	130	252
SETD6_e5_121.3	SETD6	385	329	343	423	679	701
SETD6_e6_67.6	SETD6	475	1554	427	804	603	1275
SETD7_e6_86.0	SETD7	721	910	567	771	1062	1210
SETD7_e6_86.1	SETD7	237	304	226	320	242	290
SETD7_e6_86.2	SETD7	183	118	133	164	753	300
SETD7_e7_158.10	SETD7	194	239	123	379	227	204
SETD7_e7_158.11	SETD7	272	114	548	368	289	792
SETD7_e7_158.13	SETD7	23	38	25	61	23	15
SETD7_e8_95.11	SETD7	485	207	417	398	466	502
SETD7_e8_95.12	SETD7	135	92	131	199	210	187
SETD7_e8_95.8	SETD7	260	466	115	283	181	682
SETD8_e7_190.11	SETD8	113	0	0	128	6	178
SETD8_e7_190.14	SETD8	395	212	344	407	440	704
SETD8_e7_190.18	SETD8	349	0	0	355	20	97
SETD8_e8_158.0	SETD8	401	15	18	465	79	7
SETD8_e8_158.5	SETD8	310	28	0	394	233	429
SETDB1_e20_55.0	SETDB1	506	354	850	696	482	1311
SETDB1_e20_55.1	SETDB1	347	310	167	430	143	477
SETDB1_e20_55.3	SETDB1	194	115	213	238	111	66
SETDB1_e21_89.0	SETDB1	389	160	403	493	135	212
SETDB1_e21_89.8	SETDB1	456	59	51	442	41	198
SETDB1_e21_89.9	SETDB1	206	26	39	308	41	66
SETDB1_e22_45.0	SETDB1	596	18	203	722	216	173
SETDB1_e22_45.1	SETDB1	324	0	179	377	85	79
SETDB1_e22_45.2	SETDB1	185	400	259	449	266	522
SETDB2_e13_63.1	SETDB2	643	930	653	691	646	1209
SETDB2_e14_89.3	SETDB2	428	1090	760	516	338	394
SETDB2_e14_89.4	SETDB2	457	528	399	355	228	176
SETDB2_e14_89.5	SETDB2	425	410	1383	707	189	424
SETMAR_e2_380.19	SETMAR	423	969	490	572	430	918
SETMAR_e2_380.24	SETMAR	634	550	583	662	975	812
SETMAR_e2_380.25	SETMAR	335	292	205	464	258	879
SETMAR_e2_380.4	SETMAR	302	450	189	392	191	643
SETMAR_e2_380.5	SETMAR	358	341	669	506	493	963
SHPRH_H_e26_93.1	SHPRH	189	107	270	228	188	286
SHPRH_H_e26_93.4	SHPRH	285	131	40	301	371	377
SHPRH_H_e26_93.5	SHPRH	154	245	62	207	253	455
SHPRH_H_e27_179.10	SHPRH	299	731	427	442	231	833
SHPRH_H_e27_179.16	SHPRH	647	332	845	617	598	825
SHPRH_H_e27_179.9	SHPRH	336	1231	365	687	317	473
SIRT1_e4_153.5	SIRT1	582	710	639	566	563	960
SIRT1_e4_153.6	SIRT1	277	161	235	300	396	438
SIRT1_e5_148.2	SIRT1	276	482	604	275	387	711
SIRT1_e5_148.3	SIRT1	359	224	197	531	419	551
SIRT1_e6_80.0	SIRT1	307	216	175	338	311	979
SIRT1_e7_187.11	SIRT1	104	45	23	138	75	247
SIRT1_e7_187.14	SIRT1	531	446	499	469	794	815
SIRT2_e10_60.1	SIRT2	99	789	98	227	177	448
SIRT2_e11_56.0	SIRT2	100	215	127	166	86	277
SIRT2_e12_77.3	SIRT2	501	171	139	484	383	512
SIRT2_e13_52.4	SIRT2	106	69	15	76	143	44
SIRT2_e14_70.3	SIRT2	134	175	71	201	153	115
SIRT2_e6_107.11	SIRT2	584	367	353	799	624	1112
SIRT2_e7_57.7	SIRT2	19	18	18	15	45	41
SIRT2_e8_69.0	SIRT2	492	361	275	597	723	1458
SIRT2_e9_130.10	SIRT2	316	320	117	380	285	256
SIRT3_e3_210.0	SIRT3	134	68	18	176	152	453
SIRT3_e3_210.28	SIRT3	307	304	75	267	302	227
SIRT3_e4_101.10	SIRT3	200	360	128	486	261	664
SIRT3_e5_162.21	SIRT3	319	795	396	499	475	488
SIRT3_e6_158.32	SIRT3	144	158	10	193	261	247
SIRT4_e2_341.15	SIRT4	450	267	309	427	218	733
SIRT4_e2_341.60	SIRT4	464	446	23	296	332	715
SIRT4_e3_210.14	SIRT4	652	1155	255	610	898	1093
SIRT4_e3_210.19	SIRT4	48	20	70	220	58	181
SIRT4_e4_158.10	SIRT4	169	79	69	161	134	106
SIRT4_e4_158.9	SIRT4	450	531	649	487	368	747
SIRT5_e5_210.25	SIRT5	374	551	267	460	593	837
SIRT5_e5_210.7	SIRT5	352	966	215	271	195	387
SIRT5_e6_88.0	SIRT5	305	303	403	575	399	716
SIRT5_e7_54.0	SIRT5	239	208	369	477	171	931
SIRT5_e8_124.3	SIRT5	220	372	401	251	396	648
SIRT5_e9_116.7	SIRT5	239	531	306	364	534	626
SIRT6_e3_183.25	SIRT6	276	412	122	300	116	240
SIRT6_e3_183.4	SIRT6	228	367	667	414	316	694
SIRT6_e4_60.2	SIRT6	487	472	768	521	195	487
SIRT6_e4_60.3	SIRT6	452	498	583	478	163	625
SIRT6_e5_96.0	SIRT6	1144	985	664	1210	446	705
SIRT6_e5_96.1	SIRT6	515	535	316	582	131	383
SIRT6_e6_81.6	SIRT6	435	627	376	463	136	598
SIRT6_e6_81.7	SIRT6	211	330	682	384	416	766
SIRT6_e7_124.0	SIRT6	378	459	177	498	197	330
SIRT6_e7_124.20	SIRT6	212	379	236	148	53	95
SIRT7_e4_70.10	SIRT7	401	906	148	378	376	644
SIRT7_e4_70.2	SIRT7	159	51	84	236	301	233
SIRT7_e5_73.1	SIRT7	495	829	192	623	870	1196
SIRT7_e5_73.8	SIRT7	172	195	227	216	218	435
SIRT7_e6_99.10	SIRT7	206	234	643	377	531	941
SIRT7_e6_99.9	SIRT7	169	36	60	156	209	107
SIRT7_e7_210.3	SIRT7	176	174	0	197	339	331
SIRT7_e7_210.4	SIRT7	91	11	29	86	49	59
SIRT7_e8_81.4	SIRT7	549	1199	143	611	526	1344
SIRT7_e8_81.6	SIRT7	491	602	479	643	659	1520
SMARCA2_BD_e28_218.0	SMARCA2	484	343	414	553	799	715
SMARCA2_BD_e28_218.15	SMARCA2	119	184	107	87	129	403
SMARCA2_BD_e28_218.19	SMARCA2	328	297	483	456	661	920
SMARCA2_BD_e29_54.0	SMARCA2	345	300	574	591	632	1177
SMARCA2_BD_e29_54.2	SMARCA2	279	363	280	346	364	451
SMARCA2_BD_e29_54.3	SMARCA2	350	475	466	510	345	1473
SMARCA2_D_e15_118.0	SMARCA2	334	525	128	416	703	1094
SMARCA2_D_e16_67.2	SMARCA2	779	1157	927	808	1188	1762
SMARCA2_D_e17_111.10	SMARCA2	85	163	31	122	106	390
SMARCA2_D_e18_135.13	SMARCA2	227	397	265	561	345	704
SMARCA2_H_e23_167.0	SMARCA2	359	473	61	369	477	787
SMARCA2_H_e24_164.7	SMARCA2	153	194	66	194	355	440
SMARCA2_H_e25_59.1	SMARCA2	547	175	8	570	298	370
SMARCA4_BD_e31_52.1	SMARCA4	358	181	173	528	320	441
SMARCA4_BD_e32_109.6	SMARCA4	114	24	4	115	95	39
SMARCA4_BD_e32_109.8	SMARCA4	244	155	300	436	177	295
SMARCA4_BD_e32_109.9	SMARCA4	409	143	118	309	142	367
SMARCA4_BD_e33_102.10	SMARCA4	331	17	225	474	151	305
SMARCA4_BD_e33_102.5	SMARCA4	150	80	31	326	76	75
SMARCA4_BD_e33_102.8	SMARCA4	205	53	39	213	101	256
SMARCA4_BD_e34_59.1	SMARCA4	95	0	33	152	44	77
SMARCA4_BD_e34_59.2	SMARCA4	457	83	186	481	247	180
SMARCA4_DEXD_e16	SMARCA4	0	0	0	0	0	0
SMARCA4_DEXD_e17	SMARCA4	0	0	0	0	0	0
SMARCA4_DEXD_e18	SMARCA4	0	0	0	0	0	0
SMARCA4_DEXD_e19	SMARCA4	0	0	0	0	0	0
SMARCA4_HELIC_e24.1	SMARCA4	0	0	0	0	0	0
SMARCA4_HELIC_e24.2	SMARCA4	0	0	0	0	0	0
SMARCA4_HELIC_e25.1	SMARCA4	0	0	0	0	0	0
SMARCA4_HELIC_e25.2	SMARCA4	0	0	0	0	0	0
SMARCAD1_D_e12_100.3	SMARCAD1	211	207	120	199	442	482
SMARCAD1_D_e13_60.1	SMARCAD1	620	733	220	671	817	1048
SMARCAD1_D_e15_136.0	SMARCAD1	112	103	212	177	112	345
SMARCAD1_H_e21_119.0	SMARCAD1	631	859	129	702	456	929
SMARCAD1_H_e22_183.0	SMARCAD1	440	657	375	452	366	686
SMARCAL1_D_e10_66.2	SMARCAL1	19	0	0	0	110	0
SMARCAL1_D_e8_135.4	SMARCAL1	384	406	131	342	402	778
SMARCAL1_D_e9_159.0	SMARCAL1	374	554	193	331	790	610
SMARCAL1_H_e14_103.5	SMARCAL1	84	103	77	145	265	373
SMARCAL1_H_e15_183.0	SMARCAL1	296	247	436	266	267	934
SMARCAL1_H_e16_50.0	SMARCAL1	433	1595	637	595	444	574
SMYD1_e4_86.3	SMYD1	389	138	522	403	193	861
SMYD1_e4_86.7	SMYD1	444	379	565	431	546	836
SMYD1_e6_73.0	SMYD1	611	1199	454	627	716	1405
SMYD1_e6_73.3	SMYD1	106	217	171	100	18	140
SMYD2_e6_55.0	SMYD2	262	333	601	425	353	1225
SMYD2_e7_103.5	SMYD2	212	137	390	253	163	600
SMYD2_e7_103.9	SMYD2	686	990	1326	768	612	1232
SMYD3_e5_95.2	SMYD3	354	398	327	314	258	1328
SMYD3_e5_95.3	SMYD3	210	91	50	263	229	325
SMYD3_e6_68.1	SMYD3	86	143	26	91	144	186
SMYD3_e6_68.3	SMYD3	308	415	12	184	186	202
SMYD3_e6_68.4	SMYD3	385	420	588	400	359	804
SMYD3_e7_103.2	SMYD3	536	1208	580	740	538	1101
SMYD3_e7_103.4	SMYD3	336	192	191	388	156	434
SMYD3_e7_103.7	SMYD3	399	533	118	457	276	507
SMYD4_e5_95.0	SMYD4	775	505	302	715	714	1150
SMYD4_e5_95.4	SMYD4	76	22	0	100	47	316
SMYD4_e5_95.5	SMYD4	156	393	206	349	259	846
SMYD4_e6_183.0	SMYD4	203	237	16	313	272	377
SMYD4_e6_183.6	SMYD4	440	271	475	397	472	713
SMYD4_e6_183.9	SMYD4	242	410	84	214	267	725
SMYD5_SET1_e10_57.0	SMYD5	362	211	382	215	200	559
SMYD5_SET1_e10_57.1	SMYD5	156	52	286	255	119	220
SMYD5_SET1_e10_57.2	SMYD5	18	38	121	36	19	336
SMYD5_SET1_e11_95.0	SMYD5	57	139	25	48	32	69
SMYD5_SET1_e11_95.2	SMYD5	384	218	182	272	161	356
SMYD5_SET1_e11_95.9	SMYD5	371	456	526	462	278	707
SMYD5_SET1_e2__73.5	SMYD5	294	46	224	360	212	469
SMYD5_SET1_e2__73.6	SMYD5	316	662	549	297	163	342
SMYD5_SET1_e2__73.8	SMYD5	416	655	147	380	336	494
SP100_BD_e27_72.1	SP100	383	540	566	683	559	857
SP100_BD_e27_72.2	SP100	451	615	619	715	525	1167
SP100_BD_e28_144.1	SP100	570	1198	414	544	849	1712
SP100_BD_e28_144.2	SP100	366	1026	363	532	764	1155
SP100_BD_e28_144.3	SP100	189	240	66	170	351	346
SP100_BD_e29_79.0	SP100	218	326	226	330	469	718
SP100_BD_e29_79.3	SP100	399	883	358	655	605	917
SP140_BD_e27_79.3	SP140	331	453	282	321	351	595
SP140L_BD_e19_73.2	SP140L	534	1064	568	566	454	1038
SUV39H1_e3_105.1	SUV39H1	114	54	0	110	132	222
SUV39H1_e3_105.10	SUV39H1	228	453	780	350	226	566
SUV39H1_e3_105.3	SUV39H1	155	215	89	153	265	346
SUV39H1_e4_147.19	SUV39H1	112	177	33	167	106	152
SUV39H1_e4_147.4	SUV39H1	488	1282	1117	740	827	1409
SUV39H1_e4_147.5	SUV39H1	315	738	319	472	455	927
SUV39H1_e5_130.10	SUV39H1	218	183	101	207	235	665
SUV39H1_e5_130.11	SUV39H1	227	300	49	211	243	770
SUV39H1_e5_130.3	SUV39H1	364	248	548	470	452	1048
SUV39H2_e3_105.1	SUV39H2	105	77	20	181	58	227
SUV39H2_e3_105.2	SUV39H2	493	676	394	661	666	1448
SUV39H2_e3_105.3	SUV39H2	166	332	102	283	265	884
SUV39H2_e4_147.1	SUV39H2	490	734	600	652	517	1159
SUV39H2_e4_147.3	SUV39H2	240	71	133	388	188	748
SUV39H2_e4_147.6	SUV39H2	198	335	355	387	303	866
SUV39H2_e5_130.0	SUV39H2	202	135	87	274	182	282
SUV39H2_e5_130.5	SUV39H2	381	591	181	439	383	719
SUV39H2_e5_130.6	SUV39H2	193	228	285	269	265	512
SUV420H1_e6_45.0	SUV420H1	452	404	342	515	837	819
SUV420H1_e7_167.4	SUV420H1	506	579	156	455	325	522
SUV420H1_e7_167.5	SUV420H1	724	516	639	827	498	510
SUV420H1_e7_167.7	SUV420H1	236	311	251	460	216	461
SUV420H1_e9_105.0	SUV420H1	99	202	83	147	64	189
SUV420H1_e9_105.1	SUV420H1	308	139	0	394	144	131
SUV420H1_e9_105.5	SUV420H1	458	139	45	383	307	250
SUV420H2_e5_164.12	SUV420H2	515	841	375	647	468	1056
SUV420H2_e5_164.16	SUV420H2	107	204	44	84	146	112
SUV420H2_e5_164.18	SUV420H2	218	299	190	174	152	645
SUV420H2_e7_105.13	SUV420H2	406	332	124	383	418	1158
SUV420H2_e7_105.8	SUV420H2	718	643	390	842	681	1840
SUV420H2_e7_105.9	SUV420H2	374	583	297	432	514	1521
TAF1_BD1_e28_178.10	TAF1	112	7	89	197	52	185
TAF1_BD1_e28_178.11	TAF1	24	0	0	35	21	0
TAF1_BD2_e31_93.0	TAF1	724	85	24	742	297	462
TAF1_BD2_e32_85.3	TAF1	381	42	18	419	43	117
TAF1_BD2_e33_68.0	TAF1	433	0	0	424	15	0
TAF1_BD2_e33_68.1	TAF1	272	30	0	470	23	119
TAF1_e13_174.15	TAF1	764	630	202	904	384	882
TAF1_e15_201.1	TAF1	701	39	254	660	281	548
TAF1_e15_201.13	TAF1	341	89	189	461	335	685
TET1_e10_86.0	TET1	109	189	98	243	415	323
TET1_e10_86.1	TET1	138	142	30	218	279	322
TET1_e10_86.5	TET1	363	528	293	416	600	690
TET1_e7_86.2	TET1	433	323	349	389	398	770
TET1_e8_90.0	TET1	210	465	486	352	638	428
TET1_e8_90.1	TET1	143	342	19	179	151	206
TET1_e8_90.2	TET1	452	914	333	572	774	1188
TET1_e9_138.1	TET1	74	156	346	140	272	445
TET1_e9_138.17	TET1	569	670	686	641	922	1239
TET1_e9_138.18	TET1	216	311	133	179	195	129
TET2_e10_86.0	TET2	395	1283	163	469	330	1199
TET2_e10_86.1	TET2	380	327	633	443	405	592
TET2_e10_86.3	TET2	335	680	914	400	353	1172
TET2_e7_86.0	TET2	559	478	810	496	800	1449
TET2_e7_86.2	TET2	102	104	378	79	80	166
TET2_e7_86.3	TET2	394	324	863	386	479	432
TET2_e8_90.0	TET2	530	838	533	370	493	1050
TET2_e8_90.2	TET2	403	449	361	511	422	1206
TET2_e8_90.3	TET2	322	623	522	392	317	722
TET2_e9_138.0	TET2	286	266	216	334	313	1308
TET2_e9_138.1	TET2	290	111	90	169	229	724
TET2_e9_138.14	TET2	378	370	396	408	355	1289
TET3_e10_79.0	TET3	250	176	141	230	185	391
TET3_e10_79.1	TET3	181	149	276	391	354	616
TET3_e10_79.2	TET3	482	509	347	584	375	1037
TET3_e7_86.1	TET3	74	3	76	90	280	372
TET3_e7_86.3	TET3	464	374	486	471	416	1248
TET3_e7_86.4	TET3	608	1036	479	730	254	551
TET3_e8_90.2	TET3	179	137	37	228	398	255
TET3_e8_90.5	TET3	676	1157	329	895	896	1254
TET3_e8_90.9	TET3	512	505	189	571	371	808
TET3_e9_138.0	TET3	129	940	259	326	258	596
TET3_e9_138.1	TET3	175	259	36	319	155	428
TET3_e9_138.2	TET3	398	474	634	428	271	540
TIP60_e10_94.0	TIP60	606	14	114	755	98	206
TIP60_e10_94.13	TIP60	374	0	0	328	110	225
TIP60_e10_94.5	TIP60	351	7	0	327	10	73
TIP60_e10_94.6	TIP60	199	0	0	315	35	85
TIP60_e10_94.8	TIP60	72	0	0	45	53	5
TRIM24_BD_e17_75.0	TRIM24	509	1261	560	516	497	1140
TRIM24_BD_e17_75.1	TRIM24	166	208	181	173	146	323
TRIM24_BD_e17_75.2	TRIM24	315	452	460	364	382	776
TRIM24_BD_e18_150.2	TRIM24	395	627	943	676	494	795
TRIM24_BD_e18_150.4	TRIM24	796	963	1195	651	704	1362
TRIM24_BD_e19_86.0	TRIM24	407	236	314	414	254	606
TRIM24_BD_e19_86.1	TRIM24	161	161	598	161	337	361
TRIM24_BD_e19_86.2	TRIM24	439	256	443	602	715	538
TRIM28_BD_e15_87.1	TRIM28	91	84	138	113	12	55
TRIM28_BD_e15_87.2	TRIM28	202	493	219	185	260	369
TRIM28_BD_e15_87.9	TRIM28	231	897	59	256	139	242
TRIM28_BD_e16_138.19	TRIM28	11	0	0	14	0	13
TRIM28_BD_e16_138.20	TRIM28	233	339	229	255	164	157
TRIM28_BD_e16_138.7	TRIM28	651	768	663	670	355	340
TRIM28_BD_e17_79.1	TRIM28	97	187	239	210	133	347
TRIM28_BD_e17_79.2	TRIM28	320	321	414	452	296	1016
TRIM28_BD_e17_79.3	TRIM28	70	59	76	287	86	342
TRIM33_BD_e17_75.0	TRIM33	276	109	49	210	293	317
TRIM33_BD_e17_75.1	TRIM33	398	71	93	367	181	930
TRIM33_BD_e17_75.2	TRIM33	366	587	228	360	183	737
TRIM33_BD_e18_153.13	TRIM33	279	240	72	356	199	333
TRIM33_BD_e18_153.5	TRIM33	303	316	405	358	519	676
TRIM33_BD_e18_153.8	TRIM33	592	992	861	682	574	1001
TRIM33_BD_e20_79.0	TRIM33	112	158	35	149	74	253
TRIM66_BD_e17_75.0	TRIM66	575	282	650	683	827	1435
TRIM66_BD_e17_75.1	TRIM66	331	178	413	277	416	1007
TRIM66_BD_e17_75.4	TRIM66	415	315	306	512	438	423
TRIM66_BD_e18_153.17	TRIM66	322	483	397	378	482	373
TRIM66_BD_e18_153.20	TRIM66	264	330	242	313	214	822
TRIM66_BD_e18_153.3	TRIM66	804	405	606	902	632	1389
TRIM66_BD_e19_79.5	TRIM66	405	240	227	302	268	539
TRIM66_BD_e19_79.6	TRIM66	306	395	280	467	600	603
TRIM66_BD_e19_79.7	TRIM66	334	729	722	519	573	1223
TTF2_D_e10_120.6	TTF2	212	199	56	368	197	132
TTF2_D_e11_151.10	TTF2	254	175	66	311	169	116
TTF2_D_e12_106.0	TTF2	315	217	104	398	130	310
TTF2_D_e13_158.13	TTF2	280	406	409	443	74	137
TTF2_D_e20_151.8	TTF2	310	189	113	518	94	95
TTF2_D_e21_83.3	TTF2	272	100	63	413	64	194
TTF2_D_e22_75.1	TTF2	219	32	162	250	129	107
UTY_e25_115.1	UTY	241	262	441	319	366	825
UTY_e25_115.4	UTY	383	1092	318	383	450	1018
UTY_e25_115.5	UTY	431	539	461	545	481	1271
UTY_e25_115.6	UTY	478	597	991	698	645	1802
UTY_e25_115.7	UTY	459	769	1092	563	557	1348
ZMYND11_BD_e5_50.0	ZMYND11	287	440	116	538	592	1640
ZMYND11_BD_e5_50.1	ZMYND11	333	467	352	425	452	616
ZMYND11_BD_e6_93.3	ZMYND11	386	172	186	508	737	1309
ZMYND11_BD_e6_93.5	ZMYND11	185	483	59	249	295	524
ZMYND11_BD_e7_88.0	ZMYND11	593	612	444	582	757	1440
ZMYND11_BD_e7_88.1	ZMYND11	406	309	531	560	678	846
ZMYND11_BD_e8_56.0	ZMYND11	323	373	344	417	654	1108
ZMYND8_BD_e5_59.3	ZMYND8	344	98	58	421	123	642
ZMYND8_BD_e5_59.4	ZMYND8	91	63	16	158	14	64
ZMYND8_BD_e6_93.0	ZMYND8	395	956	179	791	574	515
ZMYND8_BD_e6_93.11	ZMYND8	13	55	14	11	2	1
ZMYND8_BD_e6_93.6	ZMYND8	18	9	0	12	20	1
ZMYND8_BD_e7_88.1	ZMYND8	306	44	87	389	106	48
ZMYND8_BD_e7_88.2	ZMYND8	416	228	114	381	555	656
ZMYND8_BD_e7_88.6	ZMYND8	184	419	42	233	102	383
